row_id,cow_id,age,stage,sex,date_birth,date_death,date_death_expected,is_owned,cause_removal,is_replacement,is_introduced,is_in_common_ranch,is_grazed,parity,date_last_delivery,date_got_pregnant,date_dried,n_ai,day_heat,day_last_heat,day_last_heat_detected,n_heat_from_ai,infection_status,date_ial,date_ipl,date_ipl_expected,date_ebl,date_ebl_expected,cause_infection,susceptibility_ial_to_ipl,susceptibility_ipl_to_ebl,area_id,months_in_area,chamber_id,is_isolated,i_month
1,1,97,milking,female,-97,,21,TRUE,will_die,TRUE,FALSE,FALSE,FALSE,6,-6,-3,,0,5,15,23,,ial,-41,,60,,,initial,TRUE,TRUE,5,-6,,FALSE,0
2,2,91,milking,female,-91,,55,TRUE,will_be_slaughtered,TRUE,FALSE,FALSE,FALSE,6,-1,,,0,9,19,19,,s,,,,,,,FALSE,FALSE,4,-1,,FALSE,0
3,3,90,milking,female,-90,,4,TRUE,will_be_slaughtered,TRUE,FALSE,FALSE,FALSE,6,-9,-6,,0,25,4,4,,ial,-41,,,,,initial,FALSE,FALSE,5,-9,,FALSE,0
4,4,85,milking,female,-85,,76,TRUE,will_be_slaughtered,TRUE,FALSE,FALSE,FALSE,5,-6,-3,,0,14,22,22,,ial,-34,,,,,initial,FALSE,FALSE,4,-6,,FALSE,0
5,5,83,milking,female,-83,,64,TRUE,will_die,TRUE,FALSE,FALSE,FALSE,5,-2,,,0,5,14,23,,ial,-12,,,,,initial,FALSE,FALSE,4,-2,,FALSE,0
6,6,81,milking,female,-81,,41,TRUE,will_be_slaughtered,TRUE,FALSE,FALSE,FALSE,4,-9,-6,,0,5,13,13,,s,,,,,,,TRUE,FALSE,4,-9,,FALSE,0
7,7,79,milking,female,-79,,5,TRUE,will_die,TRUE,FALSE,FALSE,FALSE,5,-3,,,2,2,11,11,0,s,,,,,,,TRUE,FALSE,4,-3,,FALSE,0
8,8,74,dry,female,-74,,17,TRUE,will_be_slaughtered,TRUE,FALSE,FALSE,FALSE,3,-12,-9,-3,0,10,20,20,,ial,-41,,,,,initial,FALSE,FALSE,5,-3,,FALSE,0
9,9,72,milking,female,-72,,51,TRUE,will_die,TRUE,FALSE,FALSE,FALSE,4,-4,-1,,0,30,9,9,,s,,,,,,,FALSE,FALSE,5,-4,,FALSE,0
10,10,69,milking,female,-69,,26,TRUE,will_be_slaughtered,TRUE,FALSE,FALSE,FALSE,3,-9,-6,,0,25,5,14,,s,,,,,,,FALSE,FALSE,5,-9,,FALSE,0
11,11,66,milking,female,-66,,9,TRUE,will_die,TRUE,FALSE,FALSE,FALSE,4,-4,-1,,0,12,20,20,,ial,-41,,40,,,initial,TRUE,FALSE,4,-4,,FALSE,0
12,12,64,milking,female,-64,,155,TRUE,will_die,TRUE,FALSE,FALSE,FALSE,4,-2,,,0,15,22,22,,s,,,,,,,FALSE,FALSE,5,-2,,FALSE,0
13,13,63,milking,female,-63,,47,TRUE,will_be_slaughtered,TRUE,FALSE,FALSE,FALSE,4,-4,-1,,0,1,10,19,,s,,,,,,,FALSE,FALSE,5,-4,,FALSE,0
14,14,63,milking,female,-63,,53,TRUE,will_be_slaughtered,TRUE,FALSE,FALSE,FALSE,4,-2,,,0,20,30,30,,s,,,,,,,FALSE,FALSE,5,-2,,FALSE,0
15,15,62,milking,female,-62,,61,TRUE,will_be_slaughtered,TRUE,FALSE,FALSE,FALSE,4,-2,,,0,3,11,19,,s,,,,,,,TRUE,FALSE,4,-2,,FALSE,0
16,16,55,milking,female,-55,,28,TRUE,will_be_slaughtered,TRUE,FALSE,FALSE,FALSE,3,-7,-4,,0,6,15,15,,s,,,,,,,FALSE,FALSE,4,-7,,FALSE,0
17,17,55,milking,female,-55,,27,TRUE,will_die,TRUE,FALSE,FALSE,FALSE,3,-5,-2,,0,10,17,26,,s,,,,,,,TRUE,FALSE,5,-5,,FALSE,0
18,18,51,milking,female,-51,,64,TRUE,will_be_slaughtered,TRUE,FALSE,FALSE,FALSE,3,-3,,,2,10,19,19,0,s,,,,,,,TRUE,TRUE,4,-3,,FALSE,0
19,19,50,milking,female,-50,,29,TRUE,will_be_slaughtered,TRUE,FALSE,FALSE,FALSE,2,-9,-6,,0,6,14,22,,s,,,,,,,FALSE,FALSE,5,-9,,FALSE,0
20,20,46,dry,female,-46,,40,TRUE,will_die,TRUE,FALSE,FALSE,FALSE,2,-10,-7,-1,0,15,24,24,,s,,,,,,,FALSE,FALSE,5,-1,,FALSE,0
21,21,44,milking,female,-44,,65,TRUE,will_die,TRUE,FALSE,FALSE,FALSE,2,-6,-3,,0,20,30,30,,s,,,,,,,FALSE,FALSE,4,-6,,FALSE,0
22,22,44,dry,female,-44,,38,TRUE,will_be_slaughtered,TRUE,FALSE,FALSE,FALSE,2,-10,-7,-1,0,28,7,7,,s,,,,,,,FALSE,FALSE,5,-1,,FALSE,0
23,23,43,milking,female,-43,,3,TRUE,will_be_slaughtered,TRUE,FALSE,FALSE,FALSE,1,-7,-4,,0,20,1,10,,s,,,,,,,TRUE,FALSE,5,-7,,FALSE,0
24,24,42,milking,female,-42,,94,TRUE,will_be_slaughtered,TRUE,FALSE,FALSE,FALSE,2,-6,-3,,0,26,4,4,,s,,,,,,,FALSE,FALSE,4,-6,,FALSE,0
25,25,42,milking,female,-42,,27,TRUE,will_be_slaughtered,TRUE,FALSE,FALSE,FALSE,1,-6,-3,,0,12,21,21,,s,,,,,,,FALSE,FALSE,4,-6,,FALSE,0
26,26,41,milking,female,-41,,26,TRUE,will_be_slaughtered,TRUE,FALSE,FALSE,FALSE,1,-5,-2,,0,25,2,10,,s,,,,,,,TRUE,FALSE,4,-5,,FALSE,0
27,27,41,milking,female,-41,,15,TRUE,will_be_slaughtered,TRUE,FALSE,FALSE,FALSE,2,-3,,,2,23,2,2,0,ial,-34,,,,,initial,FALSE,FALSE,4,-3,,FALSE,0
28,28,41,milking,female,-41,,10,TRUE,will_be_slaughtered,TRUE,FALSE,FALSE,FALSE,1,-4,-1,,0,6,16,25,,s,,,,,,,FALSE,FALSE,4,-4,,FALSE,0
29,29,41,milking,female,-41,,1,TRUE,will_die,TRUE,FALSE,FALSE,FALSE,2,-6,-3,,0,25,3,14,,s,,,,,,,FALSE,FALSE,5,-6,,FALSE,0
30,30,39,milking,female,-39,,17,TRUE,will_be_slaughtered,TRUE,FALSE,FALSE,FALSE,2,-1,,,0,8,18,18,,s,,,,,,,FALSE,FALSE,4,-1,,FALSE,0
31,31,39,milking,female,-39,,36,TRUE,will_be_slaughtered,TRUE,FALSE,FALSE,FALSE,2,-1,,,0,12,22,22,,s,,,,,,,FALSE,FALSE,4,-1,,FALSE,0
32,32,38,dry,female,-38,,52,TRUE,will_die,TRUE,FALSE,FALSE,FALSE,1,-12,-9,-3,0,25,4,4,,s,,,,,,,FALSE,FALSE,5,-3,,FALSE,0
33,33,37,milking,female,-37,,32,TRUE,will_die,TRUE,FALSE,FALSE,FALSE,1,-2,,,0,23,2,11,,s,,,,,,,TRUE,FALSE,4,-2,,FALSE,0
34,34,35,dry,female,-35,,27,TRUE,will_be_slaughtered,TRUE,FALSE,FALSE,FALSE,1,-11,-8,-2,0,24,3,3,,s,,,,,,,FALSE,FALSE,5,-2,,FALSE,0
35,35,35,dry,female,-35,,18,TRUE,will_die,TRUE,FALSE,FALSE,FALSE,1,-10,-7,-1,0,6,15,15,,s,,,,,,,FALSE,FALSE,5,-1,,FALSE,0
36,36,31,milking,female,-31,,94,TRUE,will_be_slaughtered,TRUE,FALSE,FALSE,FALSE,1,-6,-3,,0,26,6,6,,s,,,,,,,FALSE,FALSE,4,-6,,FALSE,0
37,37,31,milking,female,-31,,53,TRUE,will_be_slaughtered,TRUE,FALSE,FALSE,FALSE,1,-6,-3,,0,7,17,17,,s,,,,,,,FALSE,FALSE,4,-6,,FALSE,0
38,38,31,milking,female,-31,,3,TRUE,will_be_slaughtered,TRUE,FALSE,FALSE,FALSE,1,-6,-3,,0,19,28,8,,s,,,,,,,FALSE,FALSE,5,-6,,FALSE,0
39,39,31,milking,female,-31,,27,TRUE,will_die,TRUE,FALSE,FALSE,FALSE,1,-6,-3,,0,10,18,18,,s,,,,,,,FALSE,FALSE,5,-6,,FALSE,0
40,40,29,milking,female,-29,,9,TRUE,will_be_slaughtered,TRUE,FALSE,FALSE,FALSE,1,-4,-1,,0,6,17,17,,s,,,,,,,TRUE,FALSE,4,-4,,FALSE,0
41,41,29,milking,female,-29,,0,TRUE,will_die,TRUE,FALSE,FALSE,FALSE,1,-4,-1,,0,24,2,2,,s,,,,,,,FALSE,FALSE,4,-4,,FALSE,0
42,42,29,milking,female,-29,,2,TRUE,will_be_slaughtered,TRUE,FALSE,FALSE,FALSE,1,-4,-1,,0,14,23,23,,s,,,,,,,TRUE,FALSE,5,-4,,FALSE,0
43,43,28,milking,female,-28,,12,TRUE,will_be_slaughtered,TRUE,FALSE,FALSE,FALSE,1,-3,,,2,2,10,21,2,s,,,,,,,TRUE,FALSE,4,-3,,FALSE,0
44,44,27,milking,female,-27,,36,TRUE,will_die,TRUE,FALSE,FALSE,FALSE,1,-2,,,0,13,22,1,,s,,,,,,,FALSE,FALSE,4,-2,,FALSE,0
45,45,26,milking,female,-26,,11,TRUE,will_die,TRUE,FALSE,FALSE,FALSE,1,-1,,,0,18,27,27,,s,,,,,,,TRUE,FALSE,4,-1,,FALSE,0
46,46,26,milking,female,-26,,28,TRUE,will_be_slaughtered,TRUE,FALSE,FALSE,FALSE,1,-1,,,0,22,1,1,,s,,,,,,,FALSE,FALSE,4,-1,,FALSE,0
47,47,26,milking,female,-26,,51,TRUE,will_be_slaughtered,TRUE,FALSE,FALSE,FALSE,1,-1,,,0,14,24,4,,s,,,,,,,FALSE,FALSE,4,-1,,FALSE,0
48,48,25,milking,female,-25,,19,TRUE,will_die,TRUE,FALSE,FALSE,FALSE,1,0,,,0,6,14,24,,s,,,,,,,TRUE,FALSE,4,0,,FALSE,0
49,49,24,heifer,female,-24,,89,TRUE,will_be_slaughtered,TRUE,FALSE,FALSE,FALSE,0,,-8,,0,1,9,9,,s,,,,,,,TRUE,FALSE,3,12,,FALSE,0
50,50,22,heifer,female,-22,,32,TRUE,will_die,TRUE,FALSE,FALSE,FALSE,0,,-6,,0,19,27,5,,s,,,,,,,FALSE,FALSE,3,10,,FALSE,0
51,51,22,heifer,female,-22,,38,TRUE,will_be_slaughtered,TRUE,FALSE,FALSE,FALSE,0,,-6,,0,19,26,26,,s,,,,,,,FALSE,FALSE,3,10,,FALSE,0
52,52,20,heifer,female,-20,,25,TRUE,will_be_slaughtered,TRUE,FALSE,FALSE,FALSE,0,,-4,,0,8,16,16,,s,,,,,,,FALSE,FALSE,3,8,,FALSE,0
53,53,18,heifer,female,-18,,22,TRUE,will_die,TRUE,FALSE,FALSE,FALSE,0,,-2,,0,6,16,23,,s,,,,,,,FALSE,FALSE,3,6,,FALSE,0
54,54,15,heifer,female,-15,,76,TRUE,will_be_slaughtered,TRUE,FALSE,FALSE,FALSE,0,,,,0,23,3,3,,s,,,,,,,FALSE,FALSE,3,3,,FALSE,0
55,55,15,heifer,female,-15,,90,TRUE,will_die,TRUE,FALSE,FALSE,FALSE,0,,,,0,12,22,22,,s,,,,,,,TRUE,FALSE,3,3,,FALSE,0
56,56,14,heifer,female,-14,,39,TRUE,will_be_slaughtered,TRUE,FALSE,FALSE,FALSE,0,,,,0,6,15,15,,s,,,,,,,TRUE,FALSE,3,2,,FALSE,0
57,57,14,heifer,female,-14,,111,TRUE,will_be_slaughtered,TRUE,FALSE,FALSE,FALSE,0,,,,0,8,18,26,,s,,,,,,,FALSE,FALSE,3,2,,FALSE,0
58,58,13,heifer,female,-13,,35,TRUE,will_die,TRUE,FALSE,FALSE,FALSE,0,,,,0,7,16,16,,s,,,,,,,FALSE,FALSE,3,1,,FALSE,0
59,59,12,heifer,female,-12,,23,TRUE,will_die,TRUE,FALSE,FALSE,FALSE,0,,,,0,11,21,21,,s,,,,,,,FALSE,FALSE,3,0,,FALSE,0
60,60,12,heifer,female,-12,,57,TRUE,will_die,TRUE,FALSE,FALSE,FALSE,0,,,,0,17,26,26,,s,,,,,,,TRUE,TRUE,3,0,,FALSE,0
61,61,12,heifer,female,-12,,25,TRUE,will_be_slaughtered,TRUE,FALSE,FALSE,FALSE,0,,,,0,4,14,24,,s,,,,,,,TRUE,FALSE,3,0,,FALSE,0
62,62,10,calf,female,-10,,62,TRUE,will_be_slaughtered,TRUE,FALSE,FALSE,FALSE,0,,,,0,13,20,20,,s,,,,,,,TRUE,FALSE,2,7,,FALSE,0
63,63,9,calf,female,-9,,69,TRUE,will_die,TRUE,FALSE,FALSE,FALSE,0,,,,0,8,16,25,,s,,,,,,,TRUE,FALSE,2,6,,FALSE,0
64,64,6,calf,female,-6,,34,TRUE,will_be_slaughtered,TRUE,FALSE,FALSE,FALSE,0,,,,0,28,6,,0,s,,,,,,,FALSE,FALSE,3,3,,FALSE,0
65,65,6,calf,female,-6,,21,TRUE,will_be_slaughtered,TRUE,FALSE,FALSE,FALSE,0,,,,0,28,7,,0,s,,,,,,,TRUE,FALSE,3,3,,FALSE,0
66,66,5,calf,female,-5,,48,TRUE,will_be_slaughtered,TRUE,FALSE,FALSE,FALSE,0,,,,0,12,20,,0,s,,,,,,,TRUE,FALSE,3,2,,FALSE,0
67,67,5,calf,female,-5,,57,TRUE,will_be_slaughtered,TRUE,FALSE,FALSE,FALSE,0,,,,0,3,11,,0,s,,,,,,,FALSE,FALSE,3,2,,FALSE,0
68,68,4,calf,female,-4,,86,TRUE,will_die,TRUE,FALSE,FALSE,FALSE,0,,,,0,4,13,,0,s,,,,,,,FALSE,FALSE,3,1,,FALSE,0
69,69,3,calf,female,-3,,44,TRUE,will_die,TRUE,FALSE,FALSE,FALSE,0,,,,0,15,24,,0,s,,,,,,,FALSE,FALSE,3,0,,FALSE,0
70,70,3,calf,female,-3,,28,TRUE,will_die,TRUE,FALSE,FALSE,FALSE,0,,,,0,14,24,,0,s,,,,,,,TRUE,TRUE,3,0,,FALSE,0
71,71,3,calf,female,-3,,80,TRUE,will_die,TRUE,FALSE,FALSE,FALSE,0,,,,0,26,4,,0,s,,,,,,,TRUE,FALSE,3,0,,FALSE,0
72,72,1,calf,female,-1,,28,TRUE,will_die,TRUE,FALSE,FALSE,FALSE,0,,,,0,13,23,,0,s,,,,,,,TRUE,FALSE,2,7,,FALSE,0
73,73,0,calf,female,0,,74,TRUE,will_be_slaughtered,TRUE,FALSE,FALSE,FALSE,0,,,,0,3,12,,0,s,,,,,,,TRUE,FALSE,2,6,,FALSE,0
1,1,98,milking,female,-97,,21,TRUE,will_die,TRUE,FALSE,FALSE,FALSE,6,-6,-3,,0,5,15,23,,ial,-41,,60,,,initial,TRUE,TRUE,2,-6,,FALSE,1
2,2,92,milking,female,-91,,55,TRUE,will_be_slaughtered,TRUE,FALSE,FALSE,FALSE,6,-1,,,0,9,19,19,,s,,,,,,,FALSE,FALSE,2,-1,,FALSE,1
3,3,91,milking,female,-90,,4,TRUE,will_be_slaughtered,TRUE,FALSE,FALSE,FALSE,6,-9,-6,,0,25,4,4,,ial,-41,,,,,initial,FALSE,FALSE,2,-9,,FALSE,1
4,4,86,milking,female,-85,,76,TRUE,will_be_slaughtered,TRUE,FALSE,FALSE,FALSE,5,-6,-3,,0,14,22,22,,ial,-34,,,,,initial,FALSE,FALSE,2,-6,,FALSE,1
5,5,84,milking,female,-83,,64,TRUE,will_die,TRUE,FALSE,FALSE,FALSE,5,-2,,,1,10,18,26,1,ial,-12,,,,,initial,FALSE,FALSE,2,-2,,FALSE,1
6,6,82,milking,female,-81,,41,TRUE,will_be_slaughtered,TRUE,FALSE,FALSE,FALSE,4,-9,-6,,0,5,13,13,,s,,,,,,,TRUE,FALSE,2,-9,,FALSE,1
7,7,80,milking,female,-79,,5,TRUE,will_die,TRUE,FALSE,FALSE,FALSE,5,-3,,,2,16,24,11,2,s,,,,,,,TRUE,FALSE,2,-3,,FALSE,1
8,8,75,milking,female,-74,,17,TRUE,will_be_slaughtered,TRUE,FALSE,FALSE,FALSE,4,1,,-3,0,22,24,20,,ial,-41,,,,,initial,FALSE,FALSE,2,-3,,FALSE,1
9,9,73,milking,female,-72,,51,TRUE,will_die,TRUE,FALSE,FALSE,FALSE,4,-4,-1,,0,30,9,9,,s,,,,,,,FALSE,FALSE,2,-4,,FALSE,1
10,10,70,milking,female,-69,,26,TRUE,will_be_slaughtered,TRUE,FALSE,FALSE,FALSE,3,-9,-6,,0,25,5,14,,s,,,,,,,FALSE,FALSE,2,-9,,FALSE,1
11,11,67,milking,female,-66,,9,TRUE,will_die,TRUE,FALSE,FALSE,FALSE,4,-4,-1,,0,12,20,20,,ial,-41,,40,,,initial,TRUE,FALSE,2,-4,,FALSE,1
12,12,65,milking,female,-64,,155,TRUE,will_die,TRUE,FALSE,FALSE,FALSE,4,-2,,,0,15,22,22,,s,,,,,,,FALSE,FALSE,2,-2,,FALSE,1
13,13,64,milking,female,-63,,47,TRUE,will_be_slaughtered,TRUE,FALSE,FALSE,FALSE,4,-4,-1,,0,1,10,19,,s,,,,,,,FALSE,FALSE,2,-4,,FALSE,1
14,14,64,milking,female,-63,,53,TRUE,will_be_slaughtered,TRUE,FALSE,FALSE,FALSE,4,-2,,,2,1,11,11,0,s,,,,,,,FALSE,FALSE,2,-2,,FALSE,1
15,15,63,milking,female,-62,,61,TRUE,will_be_slaughtered,TRUE,FALSE,FALSE,FALSE,4,-2,,,0,3,11,19,,s,,,,,,,TRUE,FALSE,2,-2,,FALSE,1
16,16,56,milking,female,-55,,28,TRUE,will_be_slaughtered,TRUE,FALSE,FALSE,FALSE,3,-7,-4,,0,6,15,15,,s,,,,,,,FALSE,FALSE,2,-7,,FALSE,1
17,17,56,milking,female,-55,,27,TRUE,will_die,TRUE,FALSE,FALSE,FALSE,3,-5,-2,,0,10,17,26,,s,,,,,,,TRUE,FALSE,2,-5,,FALSE,1
18,18,52,milking,female,-51,,64,TRUE,will_be_slaughtered,TRUE,FALSE,FALSE,FALSE,3,-3,1,,0,,10,10,0,s,,,,,,,TRUE,TRUE,2,-3,,FALSE,1
19,19,51,milking,female,-50,,29,TRUE,will_be_slaughtered,TRUE,FALSE,FALSE,FALSE,2,-9,-6,,0,6,14,22,,s,,,,,,,FALSE,FALSE,2,-9,,FALSE,1
20,20,47,dry,female,-46,,40,TRUE,will_die,TRUE,FALSE,FALSE,FALSE,2,-10,-7,-1,0,15,24,24,,s,,,,,,,FALSE,FALSE,2,-1,,FALSE,1
21,21,45,milking,female,-44,,65,TRUE,will_die,TRUE,FALSE,FALSE,FALSE,2,-6,-3,,0,20,30,30,,s,,,,,,,FALSE,FALSE,2,-6,,FALSE,1
22,22,45,dry,female,-44,,38,TRUE,will_be_slaughtered,TRUE,FALSE,FALSE,FALSE,2,-10,-7,-1,0,28,7,7,,s,,,,,,,FALSE,FALSE,2,-1,,FALSE,1
23,23,44,milking,female,-43,,3,TRUE,will_be_slaughtered,TRUE,FALSE,FALSE,FALSE,1,-7,-4,,0,20,1,10,,s,,,,,,,TRUE,FALSE,2,-7,,FALSE,1
24,24,43,milking,female,-42,,94,TRUE,will_be_slaughtered,TRUE,FALSE,FALSE,FALSE,2,-6,-3,,0,26,4,4,,s,,,,,,,FALSE,FALSE,2,-6,,FALSE,1
25,25,43,milking,female,-42,,27,TRUE,will_be_slaughtered,TRUE,FALSE,FALSE,FALSE,1,-6,-3,,0,12,21,21,,s,,,,,,,FALSE,FALSE,2,-6,,FALSE,1
26,26,42,milking,female,-41,,26,TRUE,will_be_slaughtered,TRUE,FALSE,FALSE,FALSE,1,-5,-2,,0,25,2,10,,s,,,,,,,TRUE,FALSE,2,-5,,FALSE,1
27,27,42,milking,female,-41,,15,TRUE,will_be_slaughtered,TRUE,FALSE,FALSE,FALSE,2,-3,,,2,14,23,2,1,ial,-34,,,,,initial,FALSE,FALSE,2,-3,,FALSE,1
28,28,42,milking,female,-41,,10,TRUE,will_be_slaughtered,TRUE,FALSE,FALSE,FALSE,1,-4,-1,,0,6,16,25,,s,,,,,,,FALSE,FALSE,2,-4,,FALSE,1
29,29,42,milking,female,-41,1,1,FALSE,dead,TRUE,FALSE,FALSE,FALSE,2,-6,-3,,0,25,3,14,,s,,,,,,,FALSE,FALSE,2,-6,,FALSE,1
30,30,40,milking,female,-39,,17,TRUE,will_be_slaughtered,TRUE,FALSE,FALSE,FALSE,2,-1,,,0,8,18,18,,s,,,,,,,FALSE,FALSE,2,-1,,FALSE,1
31,31,40,milking,female,-39,,36,TRUE,will_be_slaughtered,TRUE,FALSE,FALSE,FALSE,2,-1,,,0,12,22,22,,s,,,,,,,FALSE,FALSE,2,-1,,FALSE,1
32,32,39,milking,female,-38,,52,TRUE,will_die,TRUE,FALSE,FALSE,FALSE,2,1,,-3,0,4,30,4,,s,,,,,,,FALSE,FALSE,2,-3,,FALSE,1
33,33,38,milking,female,-37,,32,TRUE,will_die,TRUE,FALSE,FALSE,FALSE,1,-2,,,0,23,2,11,,s,,,,,,,TRUE,FALSE,2,-2,,FALSE,1
34,34,36,dry,female,-35,,27,TRUE,will_be_slaughtered,TRUE,FALSE,FALSE,FALSE,1,-11,-8,-2,0,24,3,3,,s,,,,,,,FALSE,FALSE,2,-2,,FALSE,1
35,35,36,dry,female,-35,,18,TRUE,will_die,TRUE,FALSE,FALSE,FALSE,1,-10,-7,-1,0,6,15,15,,s,,,,,,,FALSE,FALSE,2,-1,,FALSE,1
36,36,32,milking,female,-31,,94,TRUE,will_be_slaughtered,TRUE,FALSE,FALSE,FALSE,1,-6,-3,,0,26,6,6,,s,,,,,,,FALSE,FALSE,2,-6,,FALSE,1
37,37,32,milking,female,-31,,53,TRUE,will_be_slaughtered,TRUE,FALSE,FALSE,FALSE,1,-6,-3,,0,7,17,17,,s,,,,,,,FALSE,FALSE,2,-6,,FALSE,1
38,38,32,milking,female,-31,,3,TRUE,will_be_slaughtered,TRUE,FALSE,FALSE,FALSE,1,-6,-3,,0,19,28,8,,s,,,,,,,FALSE,FALSE,2,-6,,FALSE,1
39,39,32,milking,female,-31,,27,TRUE,will_die,TRUE,FALSE,FALSE,FALSE,1,-6,-3,,0,10,18,18,,s,,,,,,,FALSE,FALSE,2,-6,,FALSE,1
40,40,30,milking,female,-29,,9,TRUE,will_be_slaughtered,TRUE,FALSE,FALSE,FALSE,1,-4,-1,,0,6,17,17,,s,,,,,,,TRUE,FALSE,2,-4,,FALSE,1
41,41,30,milking,female,-29,,0,TRUE,will_die,TRUE,FALSE,FALSE,FALSE,1,-4,-1,,0,24,2,2,,s,,,,,,,FALSE,FALSE,2,-4,,FALSE,1
42,42,30,milking,female,-29,,2,TRUE,will_be_slaughtered,TRUE,FALSE,FALSE,FALSE,1,-4,-1,,0,14,23,23,,s,,,,,,,TRUE,FALSE,2,-4,,FALSE,1
43,43,29,milking,female,-28,,12,TRUE,will_be_slaughtered,TRUE,FALSE,FALSE,FALSE,1,-3,1,,0,,2,2,0,s,,,,,,,TRUE,FALSE,2,-3,,FALSE,1
44,44,28,milking,female,-27,,36,TRUE,will_die,TRUE,FALSE,FALSE,FALSE,1,-2,,,0,13,22,1,,s,,,,,,,FALSE,FALSE,2,-2,,FALSE,1
45,45,27,milking,female,-26,,11,TRUE,will_die,TRUE,FALSE,FALSE,FALSE,1,-1,,,0,18,27,27,,s,,,,,,,TRUE,FALSE,2,-1,,FALSE,1
46,46,27,milking,female,-26,,28,TRUE,will_be_slaughtered,TRUE,FALSE,FALSE,FALSE,1,-1,,,0,22,1,1,,s,,,,,,,FALSE,FALSE,2,-1,,FALSE,1
47,47,27,milking,female,-26,,51,TRUE,will_be_slaughtered,TRUE,FALSE,FALSE,FALSE,1,-1,,,3,14,24,24,0,s,,,,,,,FALSE,FALSE,2,-1,,FALSE,1
48,48,26,milking,female,-25,,19,TRUE,will_die,TRUE,FALSE,FALSE,FALSE,1,0,,,0,6,14,24,,s,,,,,,,TRUE,FALSE,2,0,,FALSE,1
49,49,25,heifer,female,-24,,89,TRUE,will_be_slaughtered,TRUE,FALSE,FALSE,FALSE,0,,-8,,0,1,9,9,,s,,,,,,,TRUE,FALSE,2,12,,FALSE,1
50,50,23,heifer,female,-22,,32,TRUE,will_die,TRUE,FALSE,FALSE,FALSE,0,,-6,,0,19,27,5,,s,,,,,,,FALSE,FALSE,2,10,,FALSE,1
51,51,23,heifer,female,-22,,38,TRUE,will_be_slaughtered,TRUE,FALSE,FALSE,FALSE,0,,-6,,0,19,26,26,,s,,,,,,,FALSE,FALSE,2,10,,FALSE,1
52,52,21,heifer,female,-20,,25,TRUE,will_be_slaughtered,TRUE,FALSE,FALSE,FALSE,0,,-4,,0,8,16,16,,s,,,,,,,FALSE,FALSE,2,8,,FALSE,1
53,53,19,heifer,female,-18,,22,TRUE,will_die,TRUE,FALSE,FALSE,FALSE,0,,-2,,0,6,16,23,,s,,,,,,,FALSE,FALSE,2,6,,FALSE,1
54,54,16,heifer,female,-15,,76,TRUE,will_be_slaughtered,TRUE,FALSE,FALSE,FALSE,0,,1,,0,,16,16,0,s,,,,,,,FALSE,FALSE,2,3,,FALSE,1
55,55,16,heifer,female,-15,,90,TRUE,will_die,TRUE,FALSE,FALSE,FALSE,0,,,,2,16,24,24,0,s,,,,,,,TRUE,FALSE,2,3,,FALSE,1
56,56,15,heifer,female,-14,,39,TRUE,will_be_slaughtered,TRUE,FALSE,FALSE,FALSE,0,,,,2,10,19,19,0,s,,,,,,,TRUE,FALSE,2,2,,FALSE,1
57,57,15,heifer,female,-14,,111,TRUE,will_be_slaughtered,TRUE,FALSE,FALSE,FALSE,0,,,,0,8,18,26,,s,,,,,,,FALSE,FALSE,2,2,,FALSE,1
58,58,14,heifer,female,-13,,35,TRUE,will_die,TRUE,FALSE,FALSE,FALSE,0,,,,0,7,16,16,,s,,,,,,,FALSE,FALSE,2,1,,FALSE,1
59,59,13,heifer,female,-12,,23,TRUE,will_die,TRUE,FALSE,FALSE,FALSE,0,,,,0,11,21,21,,s,,,,,,,FALSE,FALSE,2,0,,FALSE,1
60,60,13,heifer,female,-12,,57,TRUE,will_die,TRUE,FALSE,FALSE,FALSE,0,,,,0,17,26,26,,s,,,,,,,TRUE,TRUE,2,0,,FALSE,1
61,61,13,heifer,female,-12,,25,TRUE,will_be_slaughtered,TRUE,FALSE,FALSE,FALSE,0,,,,0,4,14,24,,s,,,,,,,TRUE,FALSE,2,0,,FALSE,1
62,62,11,calf,female,-10,,62,TRUE,will_be_slaughtered,TRUE,FALSE,FALSE,FALSE,0,,,,0,13,20,20,,s,,,,,,,TRUE,FALSE,2,7,,FALSE,1
63,63,10,calf,female,-9,,69,TRUE,will_die,TRUE,FALSE,FALSE,FALSE,0,,,,0,8,16,25,,s,,,,,,,TRUE,FALSE,2,6,,FALSE,1
64,64,7,calf,female,-6,,34,TRUE,will_be_slaughtered,TRUE,FALSE,FALSE,FALSE,0,,,,0,28,6,,0,s,,,,,,,FALSE,FALSE,2,3,,FALSE,1
65,65,7,calf,female,-6,,21,TRUE,will_be_slaughtered,TRUE,FALSE,FALSE,FALSE,0,,,,0,28,7,,0,s,,,,,,,TRUE,FALSE,2,3,,FALSE,1
66,66,6,calf,female,-5,,48,TRUE,will_be_slaughtered,TRUE,FALSE,FALSE,FALSE,0,,,,0,12,20,,0,s,,,,,,,TRUE,FALSE,2,2,,FALSE,1
67,67,6,calf,female,-5,,57,TRUE,will_be_slaughtered,TRUE,FALSE,FALSE,FALSE,0,,,,0,3,11,,0,s,,,,,,,FALSE,FALSE,2,2,,FALSE,1
68,68,5,calf,female,-4,,86,TRUE,will_die,TRUE,FALSE,FALSE,FALSE,0,,,,0,4,13,,0,s,,,,,,,FALSE,FALSE,2,1,,FALSE,1
69,69,4,calf,female,-3,,44,TRUE,will_die,TRUE,FALSE,FALSE,FALSE,0,,,,0,15,24,,0,s,,,,,,,FALSE,FALSE,2,0,,FALSE,1
70,70,4,calf,female,-3,,28,TRUE,will_die,TRUE,FALSE,FALSE,FALSE,0,,,,0,14,24,,0,s,,,,,,,TRUE,TRUE,2,0,,FALSE,1
71,71,4,calf,female,-3,,80,TRUE,will_die,TRUE,FALSE,FALSE,FALSE,0,,,,0,26,4,,0,s,,,,,,,TRUE,FALSE,2,0,,FALSE,1
72,72,2,calf,female,-1,,28,TRUE,will_die,TRUE,FALSE,FALSE,FALSE,0,,,,0,13,23,,0,s,,,,,,,TRUE,FALSE,2,7,,FALSE,1
73,73,1,calf,female,0,,74,TRUE,will_be_slaughtered,TRUE,FALSE,FALSE,FALSE,0,,,,0,3,12,,0,s,,,,,,,TRUE,FALSE,2,6,,FALSE,1
,74,0,calf,female,1,,14,FALSE,sold,FALSE,FALSE,FALSE,FALSE,0,,,,0,6,,,,ial,1,,,,,vertical,FALSE,FALSE,,,,,
,75,0,calf,female,1,,47,TRUE,will_be_slaughtered,TRUE,FALSE,FALSE,FALSE,0,,,,0,15,,,,s,,,,,,,TRUE,FALSE,,,,,
1,1,99,milking,female,-97,,21,TRUE,will_die,TRUE,FALSE,FALSE,FALSE,6,-6,-3,,0,5,15,23,,ial,-41,,60,,,initial,TRUE,TRUE,2,-6,,FALSE,2
2,2,93,milking,female,-91,,55,TRUE,will_be_slaughtered,TRUE,FALSE,FALSE,FALSE,6,-1,2,,0,,1,1,0,s,,,,,,,FALSE,FALSE,2,-1,,FALSE,2
3,3,92,milking,female,-90,,4,TRUE,will_be_slaughtered,TRUE,FALSE,FALSE,FALSE,6,-9,-6,,0,25,4,4,,ial,-41,,,,,initial,FALSE,FALSE,2,-9,,FALSE,2
4,4,87,milking,female,-85,,76,TRUE,will_be_slaughtered,TRUE,FALSE,FALSE,FALSE,5,-6,-3,,0,14,22,22,,ial,-34,,,,,initial,FALSE,FALSE,2,-6,,FALSE,2
5,5,85,milking,female,-83,,64,TRUE,will_die,TRUE,FALSE,FALSE,FALSE,5,-2,2,,0,,10,10,0,ial,-12,,,,,initial,FALSE,FALSE,2,-2,,FALSE,2
6,6,83,milking,female,-81,,41,TRUE,will_be_slaughtered,TRUE,FALSE,FALSE,FALSE,4,-9,-6,,0,5,13,13,,s,,,,,,,TRUE,FALSE,2,-9,,FALSE,2
7,7,81,milking,female,-79,,5,TRUE,will_die,TRUE,FALSE,FALSE,FALSE,5,-3,2,,0,,16,16,0,s,,,,,,,TRUE,FALSE,2,-3,,FALSE,2
8,8,76,milking,female,-74,,17,TRUE,will_be_slaughtered,TRUE,FALSE,FALSE,FALSE,4,1,,-3,0,22,24,20,,ial,-41,,,,,initial,FALSE,FALSE,2,-3,,FALSE,2
9,9,74,milking,female,-72,,51,TRUE,will_die,TRUE,FALSE,FALSE,FALSE,4,-4,-1,,0,30,9,9,,s,,,,,,,FALSE,FALSE,2,-4,,FALSE,2
10,10,71,milking,female,-69,,26,TRUE,will_be_slaughtered,TRUE,FALSE,FALSE,FALSE,3,-9,-6,,0,25,5,14,,s,,,,,,,FALSE,FALSE,2,-9,,FALSE,2
11,11,68,milking,female,-66,,9,TRUE,will_die,TRUE,FALSE,FALSE,FALSE,4,-4,-1,,0,12,20,20,,ial,-41,,40,,,initial,TRUE,FALSE,2,-4,,FALSE,2
12,12,66,milking,female,-64,,155,TRUE,will_die,TRUE,FALSE,FALSE,FALSE,4,-2,2,,0,0,15,15,0,s,,,,,,,FALSE,FALSE,2,-2,,FALSE,2
13,13,65,milking,female,-63,,47,TRUE,will_be_slaughtered,TRUE,FALSE,FALSE,FALSE,4,-4,-1,,0,1,10,19,,s,,,,,,,FALSE,FALSE,2,-4,,FALSE,2
14,14,65,milking,female,-63,,53,TRUE,will_be_slaughtered,TRUE,FALSE,FALSE,FALSE,4,-2,,,3,11,21,21,0,s,,,,,,,FALSE,FALSE,2,-2,,FALSE,2
15,15,64,milking,female,-62,,61,TRUE,will_be_slaughtered,TRUE,FALSE,FALSE,FALSE,4,-2,,,2,5,14,14,0,s,,,,,,,TRUE,FALSE,2,-2,,FALSE,2
16,16,57,milking,female,-55,,28,TRUE,will_be_slaughtered,TRUE,FALSE,FALSE,FALSE,3,-7,-4,,0,6,15,15,,s,,,,,,,FALSE,FALSE,2,-7,,FALSE,2
17,17,57,milking,female,-55,,27,TRUE,will_die,TRUE,FALSE,FALSE,FALSE,3,-5,-2,,0,10,17,26,,s,,,,,,,TRUE,FALSE,2,-5,,FALSE,2
18,18,53,milking,female,-51,,64,TRUE,will_be_slaughtered,TRUE,FALSE,FALSE,FALSE,3,-3,1,,0,,10,10,0,s,,,,,,,TRUE,TRUE,2,-3,,FALSE,2
19,19,52,milking,female,-50,,29,TRUE,will_be_slaughtered,TRUE,FALSE,FALSE,FALSE,2,-9,-6,,0,6,14,22,,s,,,,,,,FALSE,FALSE,2,-9,,FALSE,2
20,20,48,dry,female,-46,,40,TRUE,will_die,TRUE,FALSE,FALSE,FALSE,2,-10,-7,-1,0,15,24,24,,s,,,,,,,FALSE,FALSE,2,-1,,FALSE,2
21,21,46,milking,female,-44,,65,TRUE,will_die,TRUE,FALSE,FALSE,FALSE,2,-6,-3,,0,20,30,30,,s,,,,,,,FALSE,FALSE,2,-6,,FALSE,2
22,22,46,dry,female,-44,,38,TRUE,will_be_slaughtered,TRUE,FALSE,FALSE,FALSE,2,-10,-7,-1,0,28,7,7,,s,,,,,,,FALSE,FALSE,2,-1,,FALSE,2
23,23,45,milking,female,-43,,3,TRUE,will_be_slaughtered,TRUE,FALSE,FALSE,FALSE,1,-7,-4,,0,20,1,10,,s,,,,,,,TRUE,FALSE,2,-7,,FALSE,2
24,24,44,milking,female,-42,,94,TRUE,will_be_slaughtered,TRUE,FALSE,FALSE,FALSE,2,-6,-3,,0,26,4,4,,s,,,,,,,FALSE,FALSE,2,-6,,FALSE,2
25,25,44,milking,female,-42,,27,TRUE,will_be_slaughtered,TRUE,FALSE,FALSE,FALSE,1,-6,-3,,0,12,21,21,,s,,,,,,,FALSE,FALSE,2,-6,,FALSE,2
26,26,43,milking,female,-41,,26,TRUE,will_be_slaughtered,TRUE,FALSE,FALSE,FALSE,1,-5,-2,,0,25,2,10,,s,,,,,,,TRUE,FALSE,2,-5,,FALSE,2
27,27,43,milking,female,-41,,15,TRUE,will_be_slaughtered,TRUE,FALSE,FALSE,FALSE,2,-3,,,3,6,14,14,0,ial,-34,,,,,initial,FALSE,FALSE,2,-3,,FALSE,2
28,28,43,milking,female,-41,,10,TRUE,will_be_slaughtered,TRUE,FALSE,FALSE,FALSE,1,-4,-1,,0,6,16,25,,s,,,,,,,FALSE,FALSE,2,-4,,FALSE,2
30,30,41,milking,female,-39,,17,TRUE,will_be_slaughtered,TRUE,FALSE,FALSE,FALSE,2,-1,2,,0,20,29,29,0,s,,,,,,,FALSE,FALSE,2,-1,,FALSE,2
31,31,41,milking,female,-39,,36,TRUE,will_be_slaughtered,TRUE,FALSE,FALSE,FALSE,2,-1,2,,0,15,24,24,0,s,,,,,,,FALSE,FALSE,2,-1,,FALSE,2
32,32,40,milking,female,-38,,52,TRUE,will_die,TRUE,FALSE,FALSE,FALSE,2,1,,-3,0,4,30,4,,s,,,,,,,FALSE,FALSE,2,-3,,FALSE,2
33,33,39,milking,female,-37,,32,TRUE,will_die,TRUE,FALSE,FALSE,FALSE,1,-2,2,,0,,23,23,0,s,,,,,,,TRUE,FALSE,2,-2,,FALSE,2
34,34,37,milking,female,-35,,27,TRUE,will_be_slaughtered,TRUE,FALSE,FALSE,FALSE,2,2,,-2,0,28,4,3,,s,,,,,,,FALSE,FALSE,2,-2,,FALSE,2
35,35,37,dry,female,-35,,18,TRUE,will_die,TRUE,FALSE,FALSE,FALSE,1,-10,-7,-1,0,6,15,15,,s,,,,,,,FALSE,FALSE,2,-1,,FALSE,2
36,36,33,milking,female,-31,,94,TRUE,will_be_slaughtered,TRUE,FALSE,FALSE,FALSE,1,-6,-3,,0,26,6,6,,s,,,,,,,FALSE,FALSE,2,-6,,FALSE,2
37,37,33,milking,female,-31,,53,TRUE,will_be_slaughtered,TRUE,FALSE,FALSE,FALSE,1,-6,-3,,0,7,17,17,,s,,,,,,,FALSE,FALSE,2,-6,,FALSE,2
38,38,33,milking,female,-31,,3,TRUE,will_be_slaughtered,TRUE,FALSE,FALSE,FALSE,1,-6,-3,,0,19,28,8,,s,,,,,,,FALSE,FALSE,2,-6,,FALSE,2
39,39,33,milking,female,-31,,27,TRUE,will_die,TRUE,FALSE,FALSE,FALSE,1,-6,-3,,0,10,18,18,,s,,,,,,,FALSE,FALSE,2,-6,,FALSE,2
40,40,31,milking,female,-29,,9,TRUE,will_be_slaughtered,TRUE,FALSE,FALSE,FALSE,1,-4,-1,,0,6,17,17,,s,,,,,,,TRUE,FALSE,2,-4,,FALSE,2
41,41,31,milking,female,-29,,0,TRUE,will_die,TRUE,FALSE,FALSE,FALSE,1,-4,-1,,0,24,2,2,,s,,,,,,,FALSE,FALSE,2,-4,,FALSE,2
42,42,31,milking,female,-29,2,2,FALSE,slaughtered,TRUE,FALSE,FALSE,FALSE,1,-4,-1,,0,14,23,23,,s,,,,,,,TRUE,FALSE,2,-4,,FALSE,2
43,43,30,milking,female,-28,,12,TRUE,will_be_slaughtered,TRUE,FALSE,FALSE,FALSE,1,-3,1,,0,,2,2,0,s,,,,,,,TRUE,FALSE,2,-3,,FALSE,2
44,44,29,milking,female,-27,,36,TRUE,will_die,TRUE,FALSE,FALSE,FALSE,1,-2,2,,0,,13,13,0,s,,,,,,,FALSE,FALSE,2,-2,,FALSE,2
45,45,28,milking,female,-26,,11,TRUE,will_die,TRUE,FALSE,FALSE,FALSE,1,-1,,,0,18,27,27,,s,,,,,,,TRUE,FALSE,2,-1,,FALSE,2
46,46,28,milking,female,-26,,28,TRUE,will_be_slaughtered,TRUE,FALSE,FALSE,FALSE,1,-1,,,0,22,1,1,,s,,,,,,,FALSE,FALSE,2,-1,,FALSE,2
47,47,28,milking,female,-26,,51,TRUE,will_be_slaughtered,TRUE,FALSE,FALSE,FALSE,1,-1,,,3,7,14,24,1,s,,,,,,,FALSE,FALSE,2,-1,,FALSE,2
48,48,27,milking,female,-25,,19,TRUE,will_die,TRUE,FALSE,FALSE,FALSE,1,0,,,0,6,14,24,,s,,,,,,,TRUE,FALSE,2,0,,FALSE,2
49,49,26,milking,female,-24,,89,TRUE,will_be_slaughtered,TRUE,FALSE,FALSE,FALSE,1,2,,,0,6,27,9,,s,,,,,,,TRUE,FALSE,2,12,,FALSE,2
50,50,24,heifer,female,-22,,32,TRUE,will_die,TRUE,FALSE,FALSE,FALSE,0,,-6,,0,19,27,5,,s,,,,,,,FALSE,FALSE,2,10,,FALSE,2
51,51,24,heifer,female,-22,,38,TRUE,will_be_slaughtered,TRUE,FALSE,FALSE,FALSE,0,,-6,,0,19,26,26,,s,,,,,,,FALSE,FALSE,2,10,,FALSE,2
52,52,22,heifer,female,-20,,25,TRUE,will_be_slaughtered,TRUE,FALSE,FALSE,FALSE,0,,-4,,0,8,16,16,,s,,,,,,,FALSE,FALSE,2,8,,FALSE,2
53,53,20,heifer,female,-18,,22,TRUE,will_die,TRUE,FALSE,FALSE,FALSE,0,,-2,,0,6,16,23,,s,,,,,,,FALSE,FALSE,2,6,,FALSE,2
54,54,17,heifer,female,-15,,76,TRUE,will_be_slaughtered,TRUE,FALSE,FALSE,FALSE,0,,1,,0,,16,16,0,s,,,,,,,FALSE,FALSE,2,3,,FALSE,2
55,55,17,heifer,female,-15,,90,TRUE,will_die,TRUE,FALSE,FALSE,FALSE,0,,,,3,7,16,16,0,s,,,,,,,TRUE,FALSE,2,3,,FALSE,2
56,56,16,heifer,female,-14,,39,TRUE,will_be_slaughtered,TRUE,FALSE,FALSE,FALSE,0,,,,3,1,10,10,0,s,,,,,,,TRUE,FALSE,2,2,,FALSE,2
57,57,16,heifer,female,-14,,111,TRUE,will_be_slaughtered,TRUE,FALSE,FALSE,FALSE,0,,2,,0,21,30,30,0,s,,,,,,,FALSE,FALSE,2,2,,FALSE,2
58,58,15,heifer,female,-13,,35,TRUE,will_die,TRUE,FALSE,FALSE,FALSE,0,,2,,0,,17,17,0,s,,,,,,,FALSE,FALSE,2,1,,FALSE,2
59,59,14,heifer,female,-12,,23,TRUE,will_die,TRUE,FALSE,FALSE,FALSE,0,,,,1,12,22,11,2,s,,,,,,,FALSE,FALSE,2,0,,FALSE,2
60,60,14,heifer,female,-12,,57,TRUE,will_die,TRUE,FALSE,FALSE,FALSE,0,,,,0,17,26,26,,s,,,,,,,TRUE,TRUE,2,0,,FALSE,2
61,61,14,heifer,female,-12,,25,TRUE,will_be_slaughtered,TRUE,FALSE,FALSE,FALSE,0,,,,0,4,14,24,,s,,,,,,,TRUE,FALSE,2,0,,FALSE,2
62,62,12,heifer,female,-10,,62,TRUE,will_be_slaughtered,TRUE,FALSE,FALSE,FALSE,0,,,,0,13,20,20,,s,,,,,,,TRUE,FALSE,2,7,,FALSE,2
63,63,11,calf,female,-9,,69,TRUE,will_die,TRUE,FALSE,FALSE,FALSE,0,,,,0,8,16,25,,s,,,,,,,TRUE,FALSE,2,6,,FALSE,2
64,64,8,calf,female,-6,,34,TRUE,will_be_slaughtered,TRUE,FALSE,FALSE,FALSE,0,,,,0,28,6,,0,s,,,,,,,FALSE,FALSE,2,3,,FALSE,2
65,65,8,calf,female,-6,,21,TRUE,will_be_slaughtered,TRUE,FALSE,FALSE,FALSE,0,,,,0,28,7,,0,s,,,,,,,TRUE,FALSE,2,3,,FALSE,2
66,66,7,calf,female,-5,,48,TRUE,will_be_slaughtered,TRUE,FALSE,FALSE,FALSE,0,,,,0,12,20,,0,s,,,,,,,TRUE,FALSE,2,2,,FALSE,2
67,67,7,calf,female,-5,,57,TRUE,will_be_slaughtered,TRUE,FALSE,FALSE,FALSE,0,,,,0,3,11,,0,s,,,,,,,FALSE,FALSE,2,2,,FALSE,2
68,68,6,calf,female,-4,,86,TRUE,will_die,TRUE,FALSE,FALSE,FALSE,0,,,,0,4,13,,0,s,,,,,,,FALSE,FALSE,2,1,,FALSE,2
69,69,5,calf,female,-3,,44,TRUE,will_die,TRUE,FALSE,FALSE,FALSE,0,,,,0,15,24,,0,s,,,,,,,FALSE,FALSE,2,0,,FALSE,2
70,70,5,calf,female,-3,,28,TRUE,will_die,TRUE,FALSE,FALSE,FALSE,0,,,,0,14,24,,0,s,,,,,,,TRUE,TRUE,2,0,,FALSE,2
71,71,5,calf,female,-3,,80,TRUE,will_die,TRUE,FALSE,FALSE,FALSE,0,,,,0,26,4,,0,s,,,,,,,TRUE,FALSE,2,0,,FALSE,2
72,72,3,calf,female,-1,,28,TRUE,will_die,TRUE,FALSE,FALSE,FALSE,0,,,,0,13,23,,0,s,,,,,,,TRUE,FALSE,2,7,,FALSE,2
73,73,2,calf,female,0,,74,TRUE,will_be_slaughtered,TRUE,FALSE,FALSE,FALSE,0,,,,0,3,12,,0,s,,,,,,,TRUE,FALSE,2,6,,FALSE,2
,75,1,calf,female,1,,47,TRUE,will_be_slaughtered,TRUE,FALSE,FALSE,FALSE,0,,,,0,15,,,,s,,,,,,,TRUE,FALSE,,,,,2
,76,0,calf,male,2,,61,FALSE,sold,FALSE,FALSE,FALSE,FALSE,0,,,,0,21,,,,s,,,,,,,TRUE,FALSE,,,,,
,77,0,calf,female,2,,46,FALSE,sold,FALSE,FALSE,FALSE,FALSE,0,,,,0,5,,,,s,,,,,,,TRUE,FALSE,,,,,
1,1,100,milking,female,-97,,21,TRUE,will_die,TRUE,FALSE,FALSE,FALSE,6,-6,-3,,0,5,15,23,,ial,-41,,60,,,initial,TRUE,TRUE,2,-6,,FALSE,3
2,2,94,milking,female,-91,,55,TRUE,will_be_slaughtered,TRUE,FALSE,FALSE,FALSE,6,-1,2,,0,,1,1,0,s,,,,,,,FALSE,FALSE,2,-1,,FALSE,3
3,3,93,dry,female,-90,,4,TRUE,will_be_slaughtered,TRUE,FALSE,FALSE,FALSE,6,-9,-6,,0,25,4,4,,ial,-41,,,,,initial,FALSE,FALSE,2,-9,,FALSE,3
4,4,88,milking,female,-85,,76,TRUE,will_be_slaughtered,TRUE,FALSE,FALSE,FALSE,5,-6,-3,,0,14,22,22,,ial,-34,,,,,initial,FALSE,FALSE,2,-6,,FALSE,3
5,5,86,milking,female,-83,,64,TRUE,will_die,TRUE,FALSE,FALSE,FALSE,5,-2,2,,0,,10,10,0,ial,-12,,,,,initial,FALSE,FALSE,2,-2,,FALSE,3
6,6,84,dry,female,-81,,41,TRUE,will_be_slaughtered,TRUE,FALSE,FALSE,FALSE,4,-9,-6,,0,5,13,13,,s,,,,,,,TRUE,FALSE,2,-9,,FALSE,3
7,7,82,milking,female,-79,,5,TRUE,will_die,TRUE,FALSE,FALSE,FALSE,5,-3,2,,0,,16,16,0,s,,,,,,,TRUE,FALSE,2,-3,,FALSE,3
8,8,77,milking,female,-74,,17,TRUE,will_be_slaughtered,TRUE,FALSE,FALSE,FALSE,4,1,,-3,0,22,24,20,,ial,-41,,,,,initial,FALSE,FALSE,2,-3,,FALSE,3
9,9,75,milking,female,-72,,51,TRUE,will_die,TRUE,FALSE,FALSE,FALSE,4,-4,-1,,0,30,9,9,,s,,,,,,,FALSE,FALSE,2,-4,,FALSE,3
10,10,72,dry,female,-69,,26,TRUE,will_be_slaughtered,TRUE,FALSE,FALSE,FALSE,3,-9,-6,,0,25,5,14,,s,,,,,,,FALSE,FALSE,2,-9,,FALSE,3
11,11,69,milking,female,-66,,9,TRUE,will_die,TRUE,FALSE,FALSE,FALSE,4,-4,-1,,0,12,20,20,,ial,-41,,40,,,initial,TRUE,FALSE,2,-4,,FALSE,3
12,12,67,milking,female,-64,,155,TRUE,will_die,TRUE,FALSE,FALSE,FALSE,4,-2,2,,0,0,15,15,0,s,,,,,,,FALSE,FALSE,2,-2,,FALSE,3
13,13,66,milking,female,-63,,47,TRUE,will_be_slaughtered,TRUE,FALSE,FALSE,FALSE,4,-4,-1,,0,1,10,19,,s,,,,,,,FALSE,FALSE,2,-4,,FALSE,3
14,14,66,milking,female,-63,,53,TRUE,will_be_slaughtered,TRUE,FALSE,FALSE,FALSE,4,-2,,,4,21,30,30,0,s,,,,,,,FALSE,FALSE,2,-2,,FALSE,3
15,15,65,milking,female,-62,,61,TRUE,will_be_slaughtered,TRUE,FALSE,FALSE,FALSE,4,-2,3,,0,15,25,25,0,s,,,,,,,TRUE,FALSE,2,-2,,FALSE,3
16,16,58,milking,female,-55,,28,TRUE,will_be_slaughtered,TRUE,FALSE,FALSE,FALSE,3,-7,-4,,0,6,15,15,,s,,,,,,,FALSE,FALSE,2,-7,,FALSE,3
17,17,58,milking,female,-55,,27,TRUE,will_die,TRUE,FALSE,FALSE,FALSE,3,-5,-2,,0,10,17,26,,s,,,,,,,TRUE,FALSE,2,-5,,FALSE,3
18,18,54,milking,female,-51,,64,TRUE,will_be_slaughtered,TRUE,FALSE,FALSE,FALSE,3,-3,1,,0,,10,10,0,s,,,,,,,TRUE,TRUE,2,-3,,FALSE,3
19,19,53,dry,female,-50,,29,TRUE,will_be_slaughtered,TRUE,FALSE,FALSE,FALSE,2,-9,-6,,0,6,14,22,,s,,,,,,,FALSE,FALSE,2,-9,,FALSE,3
20,20,49,milking,female,-46,,40,TRUE,will_die,TRUE,FALSE,FALSE,FALSE,3,3,,-1,0,24,8,24,,s,,,,,,,FALSE,FALSE,2,-1,,FALSE,3
21,21,47,milking,female,-44,,65,TRUE,will_die,TRUE,FALSE,FALSE,FALSE,2,-6,-3,,0,20,30,30,,s,,,,,,,FALSE,FALSE,2,-6,,FALSE,3
22,22,47,milking,female,-44,,38,TRUE,will_be_slaughtered,TRUE,FALSE,FALSE,FALSE,3,3,,-1,0,29,5,7,,s,,,,,,,FALSE,FALSE,2,-1,,FALSE,3
23,23,46,milking,female,-43,3,3,FALSE,slaughtered,TRUE,FALSE,FALSE,FALSE,1,-7,-4,,0,20,1,10,,s,,,,,,,TRUE,FALSE,2,-7,,FALSE,3
24,24,45,milking,female,-42,,94,TRUE,will_be_slaughtered,TRUE,FALSE,FALSE,FALSE,2,-6,-3,,0,26,4,4,,s,,,,,,,FALSE,FALSE,2,-6,,FALSE,3
25,25,45,milking,female,-42,,27,TRUE,will_be_slaughtered,TRUE,FALSE,FALSE,FALSE,1,-6,-3,,0,12,21,21,,s,,,,,,,FALSE,FALSE,2,-6,,FALSE,3
26,26,44,milking,female,-41,,26,TRUE,will_be_slaughtered,TRUE,FALSE,FALSE,FALSE,1,-5,-2,,0,25,2,10,,s,,,,,,,TRUE,FALSE,2,-5,,FALSE,3
27,27,44,milking,female,-41,,15,TRUE,will_be_slaughtered,TRUE,FALSE,FALSE,FALSE,2,-3,3,,0,,6,6,0,ial,-34,,,,,initial,FALSE,FALSE,2,-3,,FALSE,3
28,28,44,milking,female,-41,,10,TRUE,will_be_slaughtered,TRUE,FALSE,FALSE,FALSE,1,-4,-1,,0,6,16,25,,s,,,,,,,FALSE,FALSE,2,-4,,FALSE,3
30,30,42,milking,female,-39,,17,TRUE,will_be_slaughtered,TRUE,FALSE,FALSE,FALSE,2,-1,2,,0,20,29,29,0,s,,,,,,,FALSE,FALSE,2,-1,,FALSE,3
31,31,42,milking,female,-39,,36,TRUE,will_be_slaughtered,TRUE,FALSE,FALSE,FALSE,2,-1,2,,0,15,24,24,0,s,,,,,,,FALSE,FALSE,2,-1,,FALSE,3
32,32,41,milking,female,-38,,52,TRUE,will_die,TRUE,FALSE,FALSE,FALSE,2,1,,-3,0,4,30,4,,s,,,,,,,FALSE,FALSE,2,-3,,FALSE,3
33,33,40,milking,female,-37,,32,TRUE,will_die,TRUE,FALSE,FALSE,FALSE,1,-2,2,,0,,23,23,0,s,,,,,,,TRUE,FALSE,2,-2,,FALSE,3
34,34,38,milking,female,-35,,27,TRUE,will_be_slaughtered,TRUE,FALSE,FALSE,FALSE,2,2,,-2,0,28,4,3,,s,,,,,,,FALSE,FALSE,2,-2,,FALSE,3
35,35,38,milking,female,-35,,18,TRUE,will_die,TRUE,FALSE,FALSE,FALSE,2,3,,-1,0,22,27,15,,s,,,,,,,FALSE,FALSE,2,-1,,FALSE,3
36,36,34,milking,female,-31,,94,TRUE,will_be_slaughtered,TRUE,FALSE,FALSE,FALSE,1,-6,-3,,0,26,6,6,,s,,,,,,,FALSE,FALSE,2,-6,,FALSE,3
37,37,34,milking,female,-31,,53,TRUE,will_be_slaughtered,TRUE,FALSE,FALSE,FALSE,1,-6,-3,,0,7,17,17,,s,,,,,,,FALSE,FALSE,2,-6,,FALSE,3
38,38,34,milking,female,-31,3,3,FALSE,slaughtered,TRUE,FALSE,FALSE,FALSE,1,-6,-3,,0,19,28,8,,s,,,,,,,FALSE,FALSE,2,-6,,FALSE,3
39,39,34,milking,female,-31,,27,TRUE,will_die,TRUE,FALSE,FALSE,FALSE,1,-6,-3,,0,10,18,18,,s,,,,,,,FALSE,FALSE,2,-6,,FALSE,3
40,40,32,milking,female,-29,,9,TRUE,will_be_slaughtered,TRUE,FALSE,FALSE,FALSE,1,-4,-1,,0,6,17,17,,s,,,,,,,TRUE,FALSE,2,-4,,FALSE,3
41,41,32,milking,female,-29,,0,TRUE,will_die,TRUE,FALSE,FALSE,FALSE,1,-4,-1,,0,24,2,2,,s,,,,,,,FALSE,FALSE,2,-4,,FALSE,3
43,43,31,milking,female,-28,,12,TRUE,will_be_slaughtered,TRUE,FALSE,FALSE,FALSE,1,-3,1,,0,,2,2,0,s,,,,,,,TRUE,FALSE,2,-3,,FALSE,3
44,44,30,milking,female,-27,,36,TRUE,will_die,TRUE,FALSE,FALSE,FALSE,1,-2,2,,0,,13,13,0,s,,,,,,,FALSE,FALSE,2,-2,,FALSE,3
45,45,29,milking,female,-26,,11,TRUE,will_die,TRUE,FALSE,FALSE,FALSE,1,-1,,,1,3,10,18,1,s,,,,,,,TRUE,FALSE,2,-1,,FALSE,3
46,46,29,milking,female,-26,,28,TRUE,will_be_slaughtered,TRUE,FALSE,FALSE,FALSE,1,-1,3,,0,0,22,22,0,s,,,,,,,FALSE,FALSE,2,-1,,FALSE,3
47,47,29,milking,female,-26,,51,TRUE,will_be_slaughtered,TRUE,FALSE,FALSE,FALSE,1,-1,3,,0,21,29,29,0,s,,,,,,,FALSE,FALSE,2,-1,,FALSE,3
48,48,28,milking,female,-25,,19,TRUE,will_die,TRUE,FALSE,FALSE,FALSE,1,0,,,2,6,16,16,0,s,,,,,,,TRUE,FALSE,2,0,,FALSE,3
49,49,27,milking,female,-24,,89,TRUE,will_be_slaughtered,TRUE,FALSE,FALSE,FALSE,1,2,,,0,6,27,9,,s,,,,,,,TRUE,FALSE,2,12,,FALSE,3
50,50,25,heifer,female,-22,,32,TRUE,will_die,TRUE,FALSE,FALSE,FALSE,0,,-6,,0,19,27,5,,s,,,,,,,FALSE,FALSE,2,10,,FALSE,3
51,51,25,heifer,female,-22,,38,TRUE,will_be_slaughtered,TRUE,FALSE,FALSE,FALSE,0,,-6,,0,19,26,26,,s,,,,,,,FALSE,FALSE,2,10,,FALSE,3
52,52,23,heifer,female,-20,,25,TRUE,will_be_slaughtered,TRUE,FALSE,FALSE,FALSE,0,,-4,,0,8,16,16,,s,,,,,,,FALSE,FALSE,2,8,,FALSE,3
53,53,21,heifer,female,-18,,22,TRUE,will_die,TRUE,FALSE,FALSE,FALSE,0,,-2,,0,6,16,23,,s,,,,,,,FALSE,FALSE,2,6,,FALSE,3
54,54,18,heifer,female,-15,,76,TRUE,will_be_slaughtered,TRUE,FALSE,FALSE,FALSE,0,,1,,0,,16,16,0,s,,,,,,,FALSE,FALSE,2,3,,FALSE,3
55,55,18,heifer,female,-15,,90,TRUE,will_die,TRUE,FALSE,FALSE,FALSE,0,,,,4,19,26,7,1,s,,,,,,,TRUE,FALSE,2,3,,FALSE,3
56,56,17,heifer,female,-14,,39,TRUE,will_be_slaughtered,TRUE,FALSE,FALSE,FALSE,0,,3,,0,,1,1,0,s,,,,,,,TRUE,FALSE,2,2,,FALSE,3
57,57,17,heifer,female,-14,,111,TRUE,will_be_slaughtered,TRUE,FALSE,FALSE,FALSE,0,,2,,0,21,30,30,0,s,,,,,,,FALSE,FALSE,2,2,,FALSE,3
58,58,16,heifer,female,-13,,35,TRUE,will_die,TRUE,FALSE,FALSE,FALSE,0,,2,,0,,17,17,0,s,,,,,,,FALSE,FALSE,2,1,,FALSE,3
59,59,15,heifer,female,-12,,23,TRUE,will_die,TRUE,FALSE,FALSE,FALSE,0,,,,1,3,12,11,3,s,,,,,,,FALSE,FALSE,2,0,,FALSE,3
60,60,15,heifer,female,-12,,57,TRUE,will_die,TRUE,FALSE,FALSE,FALSE,0,,,,0,17,26,26,,s,,,,,,,TRUE,TRUE,2,0,,FALSE,3
61,61,15,heifer,female,-12,,25,TRUE,will_be_slaughtered,TRUE,FALSE,FALSE,FALSE,0,,,,1,7,18,25,1,s,,,,,,,TRUE,FALSE,2,0,,FALSE,3
62,62,13,heifer,female,-10,,62,TRUE,will_be_slaughtered,TRUE,FALSE,FALSE,FALSE,0,,,,0,13,20,20,,s,,,,,,,TRUE,FALSE,2,7,,FALSE,3
63,63,12,heifer,female,-9,,69,TRUE,will_die,TRUE,FALSE,FALSE,FALSE,0,,,,0,8,16,25,,s,,,,,,,TRUE,FALSE,2,6,,FALSE,3
64,64,9,calf,female,-6,,34,TRUE,will_be_slaughtered,TRUE,FALSE,FALSE,FALSE,0,,,,0,28,6,,0,s,,,,,,,FALSE,FALSE,2,3,,FALSE,3
65,65,9,calf,female,-6,,21,TRUE,will_be_slaughtered,TRUE,FALSE,FALSE,FALSE,0,,,,0,28,7,,0,s,,,,,,,TRUE,FALSE,2,3,,FALSE,3
66,66,8,calf,female,-5,,48,TRUE,will_be_slaughtered,TRUE,FALSE,FALSE,FALSE,0,,,,0,12,20,,0,s,,,,,,,TRUE,FALSE,2,2,,FALSE,3
67,67,8,calf,female,-5,,57,TRUE,will_be_slaughtered,TRUE,FALSE,FALSE,FALSE,0,,,,0,3,11,,0,s,,,,,,,FALSE,FALSE,2,2,,FALSE,3
68,68,7,calf,female,-4,,86,TRUE,will_die,TRUE,FALSE,FALSE,FALSE,0,,,,0,4,13,,0,s,,,,,,,FALSE,FALSE,2,1,,FALSE,3
69,69,6,calf,female,-3,,44,TRUE,will_die,TRUE,FALSE,FALSE,FALSE,0,,,,0,15,24,,0,s,,,,,,,FALSE,FALSE,2,0,,FALSE,3
70,70,6,calf,female,-3,,28,TRUE,will_die,TRUE,FALSE,FALSE,FALSE,0,,,,0,14,24,,0,s,,,,,,,TRUE,TRUE,2,0,,FALSE,3
71,71,6,calf,female,-3,,80,TRUE,will_die,TRUE,FALSE,FALSE,FALSE,0,,,,0,26,4,,0,s,,,,,,,TRUE,FALSE,2,0,,FALSE,3
72,72,4,calf,female,-1,,28,TRUE,will_die,TRUE,FALSE,FALSE,FALSE,0,,,,0,13,23,,0,s,,,,,,,TRUE,FALSE,2,7,,FALSE,3
73,73,3,calf,female,0,,74,TRUE,will_be_slaughtered,TRUE,FALSE,FALSE,FALSE,0,,,,0,3,12,,0,s,,,,,,,TRUE,FALSE,2,6,,FALSE,3
,75,2,calf,female,1,,47,TRUE,will_be_slaughtered,TRUE,FALSE,FALSE,FALSE,0,,,,0,15,,,,s,,,,,,,TRUE,FALSE,,,,,3
,78,0,calf,female,3,,37,TRUE,will_die,TRUE,FALSE,FALSE,FALSE,0,,,,0,6,,,,s,,,,,,,FALSE,FALSE,,,,,
,79,0,calf,female,3,,57,TRUE,will_be_slaughtered,TRUE,FALSE,FALSE,FALSE,0,,,,0,11,,,,s,,,,,,,FALSE,FALSE,,,,,
,80,0,calf,male,3,,39,FALSE,sold,FALSE,FALSE,FALSE,FALSE,0,,,,0,4,,,,s,,,,,,,FALSE,FALSE,,,,,
1,1,101,milking,female,-97,,21,TRUE,will_die,TRUE,FALSE,FALSE,FALSE,6,-6,-3,,0,5,15,23,,ial,-41,,60,,,initial,TRUE,TRUE,2,-6,,FALSE,4
2,2,95,milking,female,-91,,55,TRUE,will_be_slaughtered,TRUE,FALSE,FALSE,FALSE,6,-1,2,,0,,1,1,0,s,,,,,,,FALSE,FALSE,2,-1,,FALSE,4
3,3,94,milking,female,-90,4,4,FALSE,slaughtered,TRUE,FALSE,FALSE,FALSE,7,4,,,0,3,4,4,,ial,-41,,,,,initial,FALSE,FALSE,2,-9,,FALSE,4
4,4,89,milking,female,-85,,76,TRUE,will_be_slaughtered,TRUE,FALSE,FALSE,FALSE,5,-6,-3,,0,14,22,22,,ial,-34,,,,,initial,FALSE,FALSE,2,-6,,FALSE,4
5,5,87,milking,female,-83,,64,TRUE,will_die,TRUE,FALSE,FALSE,FALSE,5,-2,2,,0,,10,10,0,ial,-12,,,,,initial,FALSE,FALSE,2,-2,,FALSE,4
6,6,85,milking,female,-81,,41,TRUE,will_be_slaughtered,TRUE,FALSE,FALSE,FALSE,5,4,,,0,27,24,13,,s,,,,,,,TRUE,FALSE,2,-9,,FALSE,4
7,7,83,milking,female,-79,,5,TRUE,will_die,TRUE,FALSE,FALSE,FALSE,5,-3,2,,0,,16,16,0,s,,,,,,,TRUE,FALSE,2,-3,,FALSE,4
8,8,78,milking,female,-74,,17,TRUE,will_be_slaughtered,TRUE,FALSE,FALSE,FALSE,4,1,,-3,1,4,13,22,1,ial,-41,,,,,initial,FALSE,FALSE,2,-3,,FALSE,4
9,9,76,milking,female,-72,,51,TRUE,will_die,TRUE,FALSE,FALSE,FALSE,4,-4,-1,,0,30,9,9,,s,,,,,,,FALSE,FALSE,2,-4,,FALSE,4
10,10,73,milking,female,-69,,26,TRUE,will_be_slaughtered,TRUE,FALSE,FALSE,FALSE,4,4,,,0,1,29,14,,s,,,,,,,FALSE,FALSE,2,-9,,FALSE,4
11,11,70,milking,female,-66,,9,TRUE,will_die,TRUE,FALSE,FALSE,FALSE,4,-4,-1,,0,12,20,20,,ial,-41,,40,,,initial,TRUE,FALSE,2,-4,,FALSE,4
12,12,68,milking,female,-64,,155,TRUE,will_die,TRUE,FALSE,FALSE,FALSE,4,-2,2,,0,0,15,15,0,s,,,,,,,FALSE,FALSE,2,-2,,FALSE,4
13,13,67,milking,female,-63,,47,TRUE,will_be_slaughtered,TRUE,FALSE,FALSE,FALSE,4,-4,-1,,0,1,10,19,,s,,,,,,,FALSE,FALSE,2,-4,,FALSE,4
14,14,67,milking,female,-63,,53,TRUE,will_be_slaughtered,TRUE,FALSE,FALSE,FALSE,4,-2,,,5,13,21,21,0,s,,,,,,,FALSE,FALSE,2,-2,,FALSE,4
15,15,66,milking,female,-62,,61,TRUE,will_be_slaughtered,TRUE,FALSE,FALSE,FALSE,4,-2,3,,0,15,25,25,0,s,,,,,,,TRUE,FALSE,2,-2,,FALSE,4
16,16,59,milking,female,-55,,28,TRUE,will_be_slaughtered,TRUE,FALSE,FALSE,FALSE,3,-7,-4,,0,6,15,15,,s,,,,,,,FALSE,FALSE,2,-7,,FALSE,4
17,17,59,milking,female,-55,,27,TRUE,will_die,TRUE,FALSE,FALSE,FALSE,3,-5,-2,,0,10,17,26,,s,,,,,,,TRUE,FALSE,2,-5,,FALSE,4
18,18,55,milking,female,-51,,64,TRUE,will_be_slaughtered,TRUE,FALSE,FALSE,FALSE,3,-3,1,,0,,10,10,0,s,,,,,,,TRUE,TRUE,2,-3,,FALSE,4
19,19,54,milking,female,-50,,29,TRUE,will_be_slaughtered,TRUE,FALSE,FALSE,FALSE,3,4,,,0,10,27,22,,s,,,,,,,FALSE,FALSE,2,-9,,FALSE,4
20,20,50,milking,female,-46,,40,TRUE,will_die,TRUE,FALSE,FALSE,FALSE,3,3,,-1,0,24,8,24,,s,,,,,,,FALSE,FALSE,2,-1,,FALSE,4
21,21,48,milking,female,-44,,65,TRUE,will_die,TRUE,FALSE,FALSE,FALSE,2,-6,-3,,0,20,30,30,,s,,,,,,,FALSE,FALSE,2,-6,,FALSE,4
22,22,48,milking,female,-44,,38,TRUE,will_be_slaughtered,TRUE,FALSE,FALSE,FALSE,3,3,,-1,0,29,5,7,,s,,,,,,,FALSE,FALSE,2,-1,,FALSE,4
24,24,46,milking,female,-42,,94,TRUE,will_be_slaughtered,TRUE,FALSE,FALSE,FALSE,2,-6,-3,,0,26,4,4,,s,,,,,,,FALSE,FALSE,2,-6,,FALSE,4
25,25,46,milking,female,-42,,27,TRUE,will_be_slaughtered,TRUE,FALSE,FALSE,FALSE,1,-6,-3,,0,12,21,21,,s,,,,,,,FALSE,FALSE,2,-6,,FALSE,4
26,26,45,milking,female,-41,,26,TRUE,will_be_slaughtered,TRUE,FALSE,FALSE,FALSE,1,-5,-2,,0,25,2,10,,s,,,,,,,TRUE,FALSE,2,-5,,FALSE,4
27,27,45,milking,female,-41,,15,TRUE,will_be_slaughtered,TRUE,FALSE,FALSE,FALSE,2,-3,3,,0,,6,6,0,ial,-34,,,,,initial,FALSE,FALSE,2,-3,,FALSE,4
28,28,45,milking,female,-41,,10,TRUE,will_be_slaughtered,TRUE,FALSE,FALSE,FALSE,1,-4,-1,,0,6,16,25,,s,,,,,,,FALSE,FALSE,2,-4,,FALSE,4
30,30,43,milking,female,-39,,17,TRUE,will_be_slaughtered,TRUE,FALSE,FALSE,FALSE,2,-1,2,,0,20,29,29,0,s,,,,,,,FALSE,FALSE,2,-1,,FALSE,4
31,31,43,milking,female,-39,,36,TRUE,will_be_slaughtered,TRUE,FALSE,FALSE,FALSE,2,-1,2,,0,15,24,24,0,s,,,,,,,FALSE,FALSE,2,-1,,FALSE,4
32,32,42,milking,female,-38,,52,TRUE,will_die,TRUE,FALSE,FALSE,FALSE,2,1,,-3,2,6,15,15,0,s,,,,,,,FALSE,FALSE,2,-3,,FALSE,4
33,33,41,milking,female,-37,,32,TRUE,will_die,TRUE,FALSE,FALSE,FALSE,1,-2,2,,0,,23,23,0,s,,,,,,,TRUE,FALSE,2,-2,,FALSE,4
34,34,39,milking,female,-35,,27,TRUE,will_be_slaughtered,TRUE,FALSE,FALSE,FALSE,2,2,,-2,0,28,4,3,,s,,,,,,,FALSE,FALSE,2,-2,,FALSE,4
35,35,39,milking,female,-35,,18,TRUE,will_die,TRUE,FALSE,FALSE,FALSE,2,3,,-1,0,22,27,15,,s,,,,,,,FALSE,FALSE,2,-1,,FALSE,4
36,36,35,milking,female,-31,,94,TRUE,will_be_slaughtered,TRUE,FALSE,FALSE,FALSE,1,-6,-3,,0,26,6,6,,s,,,,,,,FALSE,FALSE,2,-6,,FALSE,4
37,37,35,milking,female,-31,,53,TRUE,will_be_slaughtered,TRUE,FALSE,FALSE,FALSE,1,-6,-3,,0,7,17,17,,s,,,,,,,FALSE,FALSE,2,-6,,FALSE,4
39,39,35,milking,female,-31,,27,TRUE,will_die,TRUE,FALSE,FALSE,FALSE,1,-6,-3,,0,10,18,18,,s,,,,,,,FALSE,FALSE,2,-6,,FALSE,4
40,40,33,milking,female,-29,,9,TRUE,will_be_slaughtered,TRUE,FALSE,FALSE,FALSE,1,-4,-1,,0,6,17,17,,s,,,,,,,TRUE,FALSE,2,-4,,FALSE,4
41,41,33,milking,female,-29,,0,TRUE,will_die,TRUE,FALSE,FALSE,FALSE,1,-4,-1,,0,24,2,2,,s,,,,,,,FALSE,FALSE,2,-4,,FALSE,4
43,43,32,milking,female,-28,,12,TRUE,will_be_slaughtered,TRUE,FALSE,FALSE,FALSE,1,-3,1,,0,,2,2,0,s,,,,,,,TRUE,FALSE,2,-3,,FALSE,4
44,44,31,milking,female,-27,,36,TRUE,will_die,TRUE,FALSE,FALSE,FALSE,1,-2,2,,0,,13,13,0,s,,,,,,,FALSE,FALSE,2,-2,,FALSE,4
45,45,30,milking,female,-26,,11,TRUE,will_die,TRUE,FALSE,FALSE,FALSE,1,-1,,,3,18,26,26,0,s,,,,,,,TRUE,FALSE,2,-1,,FALSE,4
46,46,30,milking,female,-26,,28,TRUE,will_be_slaughtered,TRUE,FALSE,FALSE,FALSE,1,-1,3,,0,0,22,22,0,s,,,,,,,FALSE,FALSE,2,-1,,FALSE,4
47,47,30,milking,female,-26,,51,TRUE,will_be_slaughtered,TRUE,FALSE,FALSE,FALSE,1,-1,3,,0,21,29,29,0,s,,,,,,,FALSE,FALSE,2,-1,,FALSE,4
48,48,29,milking,female,-25,,19,TRUE,will_die,TRUE,FALSE,FALSE,FALSE,1,0,4,,0,18,28,28,0,s,,,,,,,TRUE,FALSE,2,0,,FALSE,4
49,49,28,milking,female,-24,,89,TRUE,will_be_slaughtered,TRUE,FALSE,FALSE,FALSE,1,2,,,0,6,27,9,,s,,,,,,,TRUE,FALSE,2,12,,FALSE,4
50,50,26,milking,female,-22,,32,TRUE,will_die,TRUE,FALSE,FALSE,FALSE,1,4,,,0,25,25,5,,s,,,,,,,FALSE,FALSE,2,10,,FALSE,4
51,51,26,milking,female,-22,,38,TRUE,will_be_slaughtered,TRUE,FALSE,FALSE,FALSE,1,4,,,0,17,9,26,,s,,,,,,,FALSE,FALSE,2,10,,FALSE,4
52,52,24,heifer,female,-20,,25,TRUE,will_be_slaughtered,TRUE,FALSE,FALSE,FALSE,0,,-4,,0,8,16,16,,s,,,,,,,FALSE,FALSE,2,8,,FALSE,4
53,53,22,heifer,female,-18,,22,TRUE,will_die,TRUE,FALSE,FALSE,FALSE,0,,-2,,0,6,16,23,,s,,,,,,,FALSE,FALSE,2,6,,FALSE,4
54,54,19,heifer,female,-15,,76,TRUE,will_be_slaughtered,TRUE,FALSE,FALSE,FALSE,0,,1,,0,,16,16,0,s,,,,,,,FALSE,FALSE,2,3,,FALSE,4
55,55,19,heifer,female,-15,,90,TRUE,will_die,TRUE,FALSE,FALSE,FALSE,0,,4,,0,,19,19,0,s,,,,,,,TRUE,FALSE,2,3,,FALSE,4
56,56,18,heifer,female,-14,,39,TRUE,will_be_slaughtered,TRUE,FALSE,FALSE,FALSE,0,,3,,0,,1,1,0,s,,,,,,,TRUE,FALSE,2,2,,FALSE,4
57,57,18,heifer,female,-14,,111,TRUE,will_be_slaughtered,TRUE,FALSE,FALSE,FALSE,0,,2,,0,21,30,30,0,s,,,,,,,FALSE,FALSE,2,2,,FALSE,4
58,58,17,heifer,female,-13,,35,TRUE,will_die,TRUE,FALSE,FALSE,FALSE,0,,2,,0,,17,17,0,s,,,,,,,FALSE,FALSE,2,1,,FALSE,4
59,59,16,heifer,female,-12,,23,TRUE,will_die,TRUE,FALSE,FALSE,FALSE,0,,,,2,13,23,3,1,s,,,,,,,FALSE,FALSE,2,0,,FALSE,4
60,60,16,heifer,female,-12,,57,TRUE,will_die,TRUE,FALSE,FALSE,FALSE,0,,4,,0,18,29,29,0,s,,,,,,,TRUE,TRUE,2,0,,FALSE,4
61,61,16,heifer,female,-12,,25,TRUE,will_be_slaughtered,TRUE,FALSE,FALSE,FALSE,0,,4,,0,,7,7,0,s,,,,,,,TRUE,FALSE,2,0,,FALSE,4
62,62,14,heifer,female,-10,,62,TRUE,will_be_slaughtered,TRUE,FALSE,FALSE,FALSE,0,,,,0,13,20,20,,s,,,,,,,TRUE,FALSE,2,7,,FALSE,4
63,63,13,heifer,female,-9,,69,TRUE,will_die,TRUE,FALSE,FALSE,FALSE,0,,,,0,8,16,25,,s,,,,,,,TRUE,FALSE,2,6,,FALSE,4
64,64,10,calf,female,-6,,34,TRUE,will_be_slaughtered,TRUE,FALSE,FALSE,FALSE,0,,,,0,28,6,,0,s,,,,,,,FALSE,FALSE,2,3,,FALSE,4
65,65,10,calf,female,-6,,21,TRUE,will_be_slaughtered,TRUE,FALSE,FALSE,FALSE,0,,,,0,28,7,,0,s,,,,,,,TRUE,FALSE,2,3,,FALSE,4
66,66,9,calf,female,-5,,48,TRUE,will_be_slaughtered,TRUE,FALSE,FALSE,FALSE,0,,,,0,12,20,,0,s,,,,,,,TRUE,FALSE,2,2,,FALSE,4
67,67,9,calf,female,-5,,57,TRUE,will_be_slaughtered,TRUE,FALSE,FALSE,FALSE,0,,,,0,3,11,,0,s,,,,,,,FALSE,FALSE,2,2,,FALSE,4
68,68,8,calf,female,-4,,86,TRUE,will_die,TRUE,FALSE,FALSE,FALSE,0,,,,0,4,13,,0,s,,,,,,,FALSE,FALSE,2,1,,FALSE,4
69,69,7,calf,female,-3,,44,TRUE,will_die,TRUE,FALSE,FALSE,FALSE,0,,,,0,15,24,,0,s,,,,,,,FALSE,FALSE,2,0,,FALSE,4
70,70,7,calf,female,-3,,28,TRUE,will_die,TRUE,FALSE,FALSE,FALSE,0,,,,0,14,24,,0,s,,,,,,,TRUE,TRUE,2,0,,FALSE,4
71,71,7,calf,female,-3,,80,TRUE,will_die,TRUE,FALSE,FALSE,FALSE,0,,,,0,26,4,,0,s,,,,,,,TRUE,FALSE,2,0,,FALSE,4
72,72,5,calf,female,-1,,28,TRUE,will_die,TRUE,FALSE,FALSE,FALSE,0,,,,0,13,23,,0,s,,,,,,,TRUE,FALSE,2,7,,FALSE,4
73,73,4,calf,female,0,,74,TRUE,will_be_slaughtered,TRUE,FALSE,FALSE,FALSE,0,,,,0,3,12,,0,s,,,,,,,TRUE,FALSE,2,6,,FALSE,4
,75,3,calf,female,1,,47,TRUE,will_be_slaughtered,TRUE,FALSE,FALSE,FALSE,0,,,,0,15,,,,s,,,,,,,TRUE,FALSE,,,,,4
,78,1,calf,female,3,,37,TRUE,will_die,TRUE,FALSE,FALSE,FALSE,0,,,,0,6,,,,s,,,,,,,FALSE,FALSE,,,,,4
,79,1,calf,female,3,,57,TRUE,will_be_slaughtered,TRUE,FALSE,FALSE,FALSE,0,,,,0,11,,,,s,,,,,,,FALSE,FALSE,,,,,4
,81,0,calf,female,4,,141,TRUE,will_be_slaughtered,TRUE,FALSE,FALSE,FALSE,0,,,,0,14,,,,s,,,,,,,TRUE,FALSE,,,,,
,82,0,calf,female,4,,76,FALSE,sold,FALSE,FALSE,FALSE,FALSE,0,,,,0,30,,,,s,,,,,,,FALSE,FALSE,,,,,
,83,0,calf,female,4,,106,TRUE,will_be_slaughtered,TRUE,FALSE,FALSE,FALSE,0,,,,0,20,,,,s,,,,,,,TRUE,FALSE,,,,,
,84,0,calf,male,4,,65,FALSE,sold,FALSE,FALSE,FALSE,FALSE,0,,,,0,10,,,,s,,,,,,,FALSE,FALSE,,,,,
,85,0,calf,female,4,,48,TRUE,will_be_slaughtered,TRUE,FALSE,FALSE,FALSE,0,,,,0,10,,,,s,,,,,,,FALSE,FALSE,,,,,
1,1,102,milking,female,-97,,21,TRUE,will_die,TRUE,FALSE,FALSE,FALSE,6,-6,-3,,0,5,15,23,,ial,-41,,60,,,initial,TRUE,TRUE,2,-6,,FALSE,5
2,2,96,milking,female,-91,,55,TRUE,will_be_slaughtered,TRUE,FALSE,FALSE,FALSE,6,-1,2,,0,,1,1,0,s,,,,,,,FALSE,FALSE,2,-1,,FALSE,5
4,4,90,milking,female,-85,,76,TRUE,will_be_slaughtered,TRUE,FALSE,FALSE,FALSE,5,-6,-3,,0,14,22,22,,ial,-34,,,,,initial,FALSE,FALSE,2,-6,,FALSE,5
5,5,88,milking,female,-83,,64,TRUE,will_die,TRUE,FALSE,FALSE,FALSE,5,-2,2,,0,,10,10,0,ial,-12,,,,,initial,FALSE,FALSE,2,-2,,FALSE,5
6,6,86,milking,female,-81,,41,TRUE,will_be_slaughtered,TRUE,FALSE,FALSE,FALSE,5,4,,,0,27,24,13,,s,,,,,,,TRUE,FALSE,2,-9,,FALSE,5
7,7,84,milking,female,-79,5,5,FALSE,dead,TRUE,FALSE,FALSE,FALSE,5,-3,2,,0,,16,16,0,s,,,,,,,TRUE,FALSE,2,-3,,FALSE,5
8,8,79,milking,female,-74,,17,TRUE,will_be_slaughtered,TRUE,FALSE,FALSE,FALSE,4,1,5,-3,0,16,25,25,0,ial,-41,,,,,initial,FALSE,FALSE,2,-3,,FALSE,5
9,9,77,milking,female,-72,,51,TRUE,will_die,TRUE,FALSE,FALSE,FALSE,4,-4,-1,,0,30,9,9,,s,,,,,,,FALSE,FALSE,2,-4,,FALSE,5
10,10,74,milking,female,-69,,26,TRUE,will_be_slaughtered,TRUE,FALSE,FALSE,FALSE,4,4,,,0,1,29,14,,s,,,,,,,FALSE,FALSE,2,-9,,FALSE,5
11,11,71,milking,female,-66,,9,TRUE,will_die,TRUE,FALSE,FALSE,FALSE,4,-4,-1,,0,12,20,20,,ial,-41,,40,,,initial,TRUE,FALSE,2,-4,,FALSE,5
12,12,69,milking,female,-64,,155,TRUE,will_die,TRUE,FALSE,FALSE,FALSE,4,-2,2,,0,0,15,15,0,s,,,,,,,FALSE,FALSE,2,-2,,FALSE,5
13,13,68,milking,female,-63,,47,TRUE,will_be_slaughtered,TRUE,FALSE,FALSE,FALSE,4,-4,-1,,0,1,10,19,,s,,,,,,,FALSE,FALSE,2,-4,,FALSE,5
14,14,68,milking,female,-63,,53,TRUE,will_be_slaughtered,TRUE,FALSE,FALSE,FALSE,4,-2,,,5,3,13,21,1,s,,,,,,,FALSE,FALSE,2,-2,,FALSE,5
15,15,67,milking,female,-62,,61,TRUE,will_be_slaughtered,TRUE,FALSE,FALSE,FALSE,4,-2,3,,0,15,25,25,0,s,,,,,,,TRUE,FALSE,2,-2,,FALSE,5
16,16,60,dry,female,-55,,28,TRUE,will_be_slaughtered,TRUE,FALSE,FALSE,FALSE,3,-7,-4,,0,6,15,15,,s,,,,,,,FALSE,FALSE,2,-7,,FALSE,5
17,17,60,milking,female,-55,,27,TRUE,will_die,TRUE,FALSE,FALSE,FALSE,3,-5,-2,,0,10,17,26,,s,,,,,,,TRUE,FALSE,2,-5,,FALSE,5
18,18,56,milking,female,-51,,64,TRUE,will_be_slaughtered,TRUE,FALSE,FALSE,FALSE,3,-3,1,,0,,10,10,0,s,,,,,,,TRUE,TRUE,2,-3,,FALSE,5
19,19,55,milking,female,-50,,29,TRUE,will_be_slaughtered,TRUE,FALSE,FALSE,FALSE,3,4,,,0,10,27,22,,s,,,,,,,FALSE,FALSE,2,-9,,FALSE,5
20,20,51,milking,female,-46,,40,TRUE,will_die,TRUE,FALSE,FALSE,FALSE,3,3,,-1,0,24,8,24,,s,,,,,,,FALSE,FALSE,2,-1,,FALSE,5
21,21,49,milking,female,-44,,65,TRUE,will_die,TRUE,FALSE,FALSE,FALSE,2,-6,-3,,0,20,30,30,,s,,,,,,,FALSE,FALSE,2,-6,,FALSE,5
22,22,49,milking,female,-44,,38,TRUE,will_be_slaughtered,TRUE,FALSE,FALSE,FALSE,3,3,,-1,0,29,5,7,,s,,,,,,,FALSE,FALSE,2,-1,,FALSE,5
24,24,47,milking,female,-42,,94,TRUE,will_be_slaughtered,TRUE,FALSE,FALSE,FALSE,2,-6,-3,,0,26,4,4,,s,,,,,,,FALSE,FALSE,2,-6,,FALSE,5
25,25,47,milking,female,-42,,27,TRUE,will_be_slaughtered,TRUE,FALSE,FALSE,FALSE,1,-6,-3,,0,12,21,21,,s,,,,,,,FALSE,FALSE,2,-6,,FALSE,5
26,26,46,milking,female,-41,,26,TRUE,will_be_slaughtered,TRUE,FALSE,FALSE,FALSE,1,-5,-2,,0,25,2,10,,s,,,,,,,TRUE,FALSE,2,-5,,FALSE,5
27,27,46,milking,female,-41,,15,TRUE,will_be_slaughtered,TRUE,FALSE,FALSE,FALSE,2,-3,3,,0,,6,6,0,ial,-34,,,,,initial,FALSE,FALSE,2,-3,,FALSE,5
28,28,46,milking,female,-41,,10,TRUE,will_be_slaughtered,TRUE,FALSE,FALSE,FALSE,1,-4,-1,,0,6,16,25,,s,,,,,,,FALSE,FALSE,2,-4,,FALSE,5
30,30,44,milking,female,-39,,17,TRUE,will_be_slaughtered,TRUE,FALSE,FALSE,FALSE,2,-1,2,,0,20,29,29,0,s,,,,,,,FALSE,FALSE,2,-1,,FALSE,5
31,31,44,milking,female,-39,,36,TRUE,will_be_slaughtered,TRUE,FALSE,FALSE,FALSE,2,-1,2,,0,15,24,24,0,s,,,,,,,FALSE,FALSE,2,-1,,FALSE,5
32,32,43,milking,female,-38,,52,TRUE,will_die,TRUE,FALSE,FALSE,FALSE,2,1,,-3,3,17,27,27,0,s,,,,,,,FALSE,FALSE,2,-3,,FALSE,5
33,33,42,milking,female,-37,,32,TRUE,will_die,TRUE,FALSE,FALSE,FALSE,1,-2,2,,0,,23,23,0,s,,,,,,,TRUE,FALSE,2,-2,,FALSE,5
34,34,40,milking,female,-35,,27,TRUE,will_be_slaughtered,TRUE,FALSE,FALSE,FALSE,2,2,5,-2,0,0,28,28,0,s,,,,,,,FALSE,FALSE,2,-2,,FALSE,5
35,35,40,milking,female,-35,,18,TRUE,will_die,TRUE,FALSE,FALSE,FALSE,2,3,,-1,0,22,27,15,,s,,,,,,,FALSE,FALSE,2,-1,,FALSE,5
36,36,36,milking,female,-31,,94,TRUE,will_be_slaughtered,TRUE,FALSE,FALSE,FALSE,1,-6,-3,,0,26,6,6,,s,,,,,,,FALSE,FALSE,2,-6,,FALSE,5
37,37,36,milking,female,-31,,53,TRUE,will_be_slaughtered,TRUE,FALSE,FALSE,FALSE,1,-6,-3,,0,7,17,17,,s,,,,,,,FALSE,FALSE,2,-6,,FALSE,5
39,39,36,milking,female,-31,,27,TRUE,will_die,TRUE,FALSE,FALSE,FALSE,1,-6,-3,,0,10,18,18,,s,,,,,,,FALSE,FALSE,2,-6,,FALSE,5
40,40,34,milking,female,-29,,9,TRUE,will_be_slaughtered,TRUE,FALSE,FALSE,FALSE,1,-4,-1,,0,6,17,17,,s,,,,,,,TRUE,FALSE,2,-4,,FALSE,5
41,41,34,milking,female,-29,,0,TRUE,will_die,TRUE,FALSE,FALSE,FALSE,1,-4,-1,,0,24,2,2,,s,,,,,,,FALSE,FALSE,2,-4,,FALSE,5
43,43,33,milking,female,-28,,12,TRUE,will_be_slaughtered,TRUE,FALSE,FALSE,FALSE,1,-3,1,,0,,2,2,0,s,,,,,,,TRUE,FALSE,2,-3,,FALSE,5
44,44,32,milking,female,-27,,36,TRUE,will_die,TRUE,FALSE,FALSE,FALSE,1,-2,2,,0,,13,13,0,s,,,,,,,FALSE,FALSE,2,-2,,FALSE,5
45,45,31,milking,female,-26,,11,TRUE,will_die,TRUE,FALSE,FALSE,FALSE,1,-1,,,4,10,18,18,0,s,,,,,,,TRUE,FALSE,2,-1,,FALSE,5
46,46,31,milking,female,-26,,28,TRUE,will_be_slaughtered,TRUE,FALSE,FALSE,FALSE,1,-1,3,,0,0,22,22,0,s,,,,,,,FALSE,FALSE,2,-1,,FALSE,5
47,47,31,milking,female,-26,,51,TRUE,will_be_slaughtered,TRUE,FALSE,FALSE,FALSE,1,-1,3,,0,21,29,29,0,s,,,,,,,FALSE,FALSE,2,-1,,FALSE,5
48,48,30,milking,female,-25,,19,TRUE,will_die,TRUE,FALSE,FALSE,FALSE,1,0,4,,0,18,28,28,0,s,,,,,,,TRUE,FALSE,2,0,,FALSE,5
49,49,29,milking,female,-24,,89,TRUE,will_be_slaughtered,TRUE,FALSE,FALSE,FALSE,1,2,5,,0,21,28,28,0,s,,,,,,,TRUE,FALSE,2,12,,FALSE,5
50,50,27,milking,female,-22,,32,TRUE,will_die,TRUE,FALSE,FALSE,FALSE,1,4,,,0,25,25,5,,s,,,,,,,FALSE,FALSE,2,10,,FALSE,5
51,51,27,milking,female,-22,,38,TRUE,will_be_slaughtered,TRUE,FALSE,FALSE,FALSE,1,4,,,0,17,9,26,,s,,,,,,,FALSE,FALSE,2,10,,FALSE,5
52,52,25,heifer,female,-20,,25,TRUE,will_be_slaughtered,TRUE,FALSE,FALSE,FALSE,0,,-4,,0,8,16,16,,s,,,,,,,FALSE,FALSE,2,8,,FALSE,5
53,53,23,heifer,female,-18,,22,TRUE,will_die,TRUE,FALSE,FALSE,FALSE,0,,-2,,0,6,16,23,,s,,,,,,,FALSE,FALSE,2,6,,FALSE,5
54,54,20,heifer,female,-15,,76,TRUE,will_be_slaughtered,TRUE,FALSE,FALSE,FALSE,0,,1,,0,,16,16,0,s,,,,,,,FALSE,FALSE,2,3,,FALSE,5
55,55,20,heifer,female,-15,,90,TRUE,will_die,TRUE,FALSE,FALSE,FALSE,0,,4,,0,,19,19,0,s,,,,,,,TRUE,FALSE,2,3,,FALSE,5
56,56,19,heifer,female,-14,,39,TRUE,will_be_slaughtered,TRUE,FALSE,FALSE,FALSE,0,,3,,0,,1,1,0,s,,,,,,,TRUE,FALSE,2,2,,FALSE,5
57,57,19,heifer,female,-14,,111,TRUE,will_be_slaughtered,TRUE,FALSE,FALSE,FALSE,0,,2,,0,21,30,30,0,s,,,,,,,FALSE,FALSE,2,2,,FALSE,5
58,58,18,heifer,female,-13,,35,TRUE,will_die,TRUE,FALSE,FALSE,FALSE,0,,2,,0,,17,17,0,s,,,,,,,FALSE,FALSE,2,1,,FALSE,5
59,59,17,heifer,female,-12,,23,TRUE,will_die,TRUE,FALSE,FALSE,FALSE,0,,,,2,3,13,3,2,s,,,,,,,FALSE,FALSE,2,0,,FALSE,5
60,60,17,heifer,female,-12,,57,TRUE,will_die,TRUE,FALSE,FALSE,FALSE,0,,4,,0,18,29,29,0,s,,,,,,,TRUE,TRUE,2,0,,FALSE,5
61,61,17,heifer,female,-12,,25,TRUE,will_be_slaughtered,TRUE,FALSE,FALSE,FALSE,0,,4,,0,,7,7,0,s,,,,,,,TRUE,FALSE,2,0,,FALSE,5
62,62,15,heifer,female,-10,,62,TRUE,will_be_slaughtered,TRUE,FALSE,FALSE,FALSE,0,,5,,0,0,13,13,0,ial,5,,127,,,insects,TRUE,FALSE,2,7,,FALSE,5
63,63,14,heifer,female,-9,,69,TRUE,will_die,TRUE,FALSE,FALSE,FALSE,0,,,,0,8,16,25,,s,,,,,,,TRUE,FALSE,2,6,,FALSE,5
64,64,11,calf,female,-6,,34,TRUE,will_be_slaughtered,TRUE,FALSE,FALSE,FALSE,0,,,,0,28,6,,0,s,,,,,,,FALSE,FALSE,2,3,,FALSE,5
65,65,11,calf,female,-6,,21,TRUE,will_be_slaughtered,TRUE,FALSE,FALSE,FALSE,0,,,,0,28,7,,0,s,,,,,,,TRUE,FALSE,2,3,,FALSE,5
66,66,10,calf,female,-5,,48,TRUE,will_be_slaughtered,TRUE,FALSE,FALSE,FALSE,0,,,,0,12,20,,0,s,,,,,,,TRUE,FALSE,2,2,,FALSE,5
67,67,10,calf,female,-5,,57,TRUE,will_be_slaughtered,TRUE,FALSE,FALSE,FALSE,0,,,,0,3,11,,0,s,,,,,,,FALSE,FALSE,2,2,,FALSE,5
68,68,9,calf,female,-4,,86,TRUE,will_die,TRUE,FALSE,FALSE,FALSE,0,,,,0,4,13,,0,s,,,,,,,FALSE,FALSE,2,1,,FALSE,5
69,69,8,calf,female,-3,,44,TRUE,will_die,TRUE,FALSE,FALSE,FALSE,0,,,,0,15,24,,0,s,,,,,,,FALSE,FALSE,2,0,,FALSE,5
70,70,8,calf,female,-3,,28,TRUE,will_die,TRUE,FALSE,FALSE,FALSE,0,,,,0,14,24,,0,s,,,,,,,TRUE,TRUE,2,0,,FALSE,5
71,71,8,calf,female,-3,,80,TRUE,will_die,TRUE,FALSE,FALSE,FALSE,0,,,,0,26,4,,0,s,,,,,,,TRUE,FALSE,2,0,,FALSE,5
72,72,6,calf,female,-1,,28,TRUE,will_die,TRUE,FALSE,FALSE,FALSE,0,,,,0,13,23,,0,s,,,,,,,TRUE,FALSE,2,7,,FALSE,5
73,73,5,calf,female,0,,74,TRUE,will_be_slaughtered,TRUE,FALSE,FALSE,FALSE,0,,,,0,3,12,,0,s,,,,,,,TRUE,FALSE,2,6,,FALSE,5
,75,4,calf,female,1,,47,TRUE,will_be_slaughtered,TRUE,FALSE,FALSE,FALSE,0,,,,0,15,,,,s,,,,,,,TRUE,FALSE,2,,,,5
,78,2,calf,female,3,,37,TRUE,will_die,TRUE,FALSE,FALSE,FALSE,0,,,,0,6,,,,s,,,,,,,FALSE,FALSE,,,,,5
,79,2,calf,female,3,,57,TRUE,will_be_slaughtered,TRUE,FALSE,FALSE,FALSE,0,,,,0,11,,,,s,,,,,,,FALSE,FALSE,,,,,5
,81,1,calf,female,4,,141,TRUE,will_be_slaughtered,TRUE,FALSE,FALSE,FALSE,0,,,,0,14,,,,s,,,,,,,TRUE,FALSE,,,,,5
,83,1,calf,female,4,,106,TRUE,will_be_slaughtered,TRUE,FALSE,FALSE,FALSE,0,,,,0,20,,,,s,,,,,,,TRUE,FALSE,,,,,5
,85,1,calf,female,4,,48,TRUE,will_be_slaughtered,TRUE,FALSE,FALSE,FALSE,0,,,,0,10,,,,s,,,,,,,FALSE,FALSE,,,,,5
